"","Supplier","X","PartID","Cost.Per.Unit","Quantity"
"1","Supplier A",1,10000000,22,803
"2","Supplier A",2,10000001,150,6789
"3","Supplier B",1,10000000,50.2,8036348574
"4","Supplier B",2,10000001,69.89,7317843609
"5","Supplier B",3,10000002,50.27,8149375859
"6","Supplier B",4,10000003,42.42,8413365848
"7","Supplier B",5,10000004,38.71,6290714699
"8","Supplier B",6,10000005,98.84,8156962390
"9","Supplier B",7,10000006,77.85,3083131686
"10","Supplier B",8,10000007,90.28,4178256288
"11","Supplier B",9,10000008,94.72,4091498524
"12","Supplier B",10,10000009,53.29,7830437057
"13","Supplier B",11,10000010,13.02,4425932521
"14","Supplier B",12,10000011,41.54,2458295687
"15","Supplier B",13,10000012,62.23,1690157172
"16","Supplier B",14,10000013,33.16,3137470102
"17","Supplier B",15,10000014,84.18,3650306752
"18","Supplier B",16,10000015,35.78,2672106247
"19","Supplier B",17,10000016,79.68,5968180291
"20","Supplier B",18,10000017,45.47,6483564405
"21","Supplier B",19,10000018,40.19,1563631793
"22","Supplier B",20,10000019,86.59,5121299927
"23","Supplier B",21,10000020,49.51,6746567570
"24","Supplier B",22,10000021,78.24,1665558250
"25","Supplier B",23,10000022,79.82,7666282817
"26","Supplier B",24,10000023,93.32,7352050708
"27","Supplier B",25,10000024,93.87,5740333481
"28","Supplier B",26,10000025,13.4,8670776413
"29","Supplier B",27,10000026,94.48,6897732311
"30","Supplier B",28,10000027,70.09,2501328680
"31","Supplier B",29,10000028,61.52,9531656492
"32","Supplier B",30,10000029,98.48,2266965259
"33","Supplier B",31,10000030,70.01,9388348732
"34","Supplier B",32,10000031,28.54,6074522636
"35","Supplier B",33,10000032,21.18,7471487485
"36","Supplier B",34,10000033,55.96,5668813183
"37","Supplier B",35,10000034,75.04,4849340072
"38","Supplier B",36,10000035,29.44,2457662878
"39","Supplier B",37,10000036,5.78,6012352546
"40","Supplier B",38,10000037,92.94,7134717468
"41","Supplier B",39,10000038,47.92,8991642395
"42","Supplier B",40,10000039,61.39,1688030848
"43","Supplier B",41,10000040,95.28,5944538542
"44","Supplier B",42,10000041,51.66,5756615064
"45","Supplier B",43,10000042,47.84,4929743067
"46","Supplier B",44,10000043,43.84,3902251442
"47","Supplier B",45,10000044,71.67,7740813511
"48","Supplier B",46,10000045,57.62,7118435999
"49","Supplier B",47,10000046,66.12,2359854556
"50","Supplier B",48,10000047,10.08,7505600101
"51","Supplier B",49,10000048,48.26,3611145879
"52","Supplier B",50,10000049,66.73,6908131223
"53","Supplier B",51,10000050,9.4,5642253080
"54","Supplier B",52,10000051,81.86,5687151350
"55","Supplier B",53,10000052,80.68,2001910176
"56","Supplier B",54,10000053,99.44,7716161862
"57","Supplier B",55,10000054,23.02,6156469258
"58","Supplier B",56,10000055,91.27,1345904364
"59","Supplier B",57,10000056,49.03,5007962140
"60","Supplier B",58,10000057,6.21,5378671707
"61","Supplier B",59,10000058,87.73,1213754729
"62","Supplier B",60,10000059,76.33,2354532887
"63","Supplier B",61,10000060,84.68,6606385487
"64","Supplier B",62,10000061,75.01,3347696171
"65","Supplier B",63,10000062,26.19,9581087338
"66","Supplier B",64,10000063,22.62,8027625665
"67","Supplier B",65,10000064,33.59,7388888530
"68","Supplier B",66,10000065,22.03,9467867557
"69","Supplier B",67,10000066,78.02,9192035893
"70","Supplier B",68,10000067,27.68,3136942618
"71","Supplier B",69,10000068,71.53,7714716756
"72","Supplier B",70,10000069,18.9,9732644903
"73","Supplier B",71,10000070,63.03,7884099655
"74","Supplier B",72,10000071,74.24,7566756156
"75","Supplier B",73,10000072,36.44,9209448599
"76","Supplier B",74,10000073,29.65,1042969595
"77","Supplier B",75,10000074,30.94,6882079673
"78","Supplier B",76,10000075,28.84,3253039267
"79","Supplier B",77,10000076,34.03,1397145409
"80","Supplier B",78,10000077,71.14,6880589317
"81","Supplier B",79,10000078,63.92,9196591575
"82","Supplier B",80,10000079,27,8835656706
"83","Supplier B",81,10000080,94.19,9602317895
"84","Supplier B",82,10000081,3.39,6020893808
"85","Supplier B",83,10000082,23.42,2510141923
"86","Supplier B",84,10000083,99.32,9450330305
"87","Supplier B",85,10000084,98.76,2745882315
"88","Supplier B",86,10000085,36.33,4496778624
"89","Supplier B",87,10000086,95.88,3357914178
"90","Supplier B",88,10000087,8.02,5626342047
"91","Supplier B",89,10000088,85.61,7445846598
"92","Supplier B",90,10000089,62.77,3388205846
"93","Supplier B",91,10000090,47.52,9160810403
"94","Supplier B",92,10000091,7.21,9349052943
"95","Supplier B",93,10000092,13.57,2599441777
"96","Supplier B",94,10000093,20.54,1469593708
"97","Supplier B",95,10000094,56.44,8195084049
"98","Supplier B",96,10000095,67.07,8212314502
"99","Supplier B",97,10000096,70.43,6026850224
"100","Supplier B",98,10000097,85.28,4535220596
"101","Supplier B",99,10000098,20.6,9787384368
"102","Supplier B",100,10000099,99.81,4834165559
"103","Supplier B",101,10000100,67.48,2152168383
"104","Supplier B",102,10000101,5.26,6222677965
"105","Supplier B",103,10000102,45.62,1797838864
"106","Supplier B",104,10000103,40.62,7477451502
"107","Supplier B",105,10000104,34.15,7962016721
"108","Supplier B",106,10000105,26.99,2928792348
"109","Supplier B",107,10000106,6.12,5902396742
"110","Supplier B",108,10000107,88.36,7413788610
"111","Supplier B",109,10000108,43.88,2649409709
"112","Supplier B",110,10000109,6.16,6700847346
"113","Supplier B",111,10000110,66.05,5012497940
"114","Supplier B",112,10000111,25.91,8418674901
"115","Supplier B",113,10000112,47.29,3295356967
"116","Supplier B",114,10000113,76.02,1904450661
"117","Supplier B",115,10000114,89.97,3844387936
"118","Supplier B",116,10000115,91.68,4068172671
"119","Supplier B",117,10000116,53.52,2042747292
"120","Supplier B",118,10000117,78.45,8228080510
"121","Supplier B",119,10000118,31.07,9591975706
"122","Supplier B",120,10000119,37.86,6759925115
"123","Supplier B",121,10000120,37.15,1482637509
"124","Supplier B",122,10000121,12.74,6742196594
"125","Supplier B",123,10000122,97.02,5273065127
"126","Supplier B",124,10000123,20.19,2246658022
"127","Supplier B",125,10000124,40.13,1041539547
"128","Supplier B",126,10000125,38.82,6828099530
"129","Supplier B",127,10000126,42.52,9713447805
"130","Supplier B",128,10000127,34.49,7046608603
"131","Supplier B",129,10000128,53.82,8449102043
"132","Supplier B",130,10000129,75.2,8524398465
"133","Supplier B",131,10000130,99.31,2010041912
"134","Supplier B",132,10000131,69.45,4894583532
"135","Supplier B",133,10000132,37.54,3853680340
"136","Supplier B",134,10000133,27.56,2013488274
"137","Supplier B",135,10000134,97.59,9418014882
"138","Supplier B",136,10000135,47.68,4196336004
"139","Supplier B",137,10000136,20.05,1818572138
"140","Supplier B",138,10000137,88.37,8256022407
"141","Supplier B",139,10000138,39.87,5096583153
"142","Supplier B",140,10000139,26.53,3286779627
"143","Supplier B",141,10000140,32.1,9047085730
"144","Supplier B",142,10000141,19.54,8026790967
"145","Supplier B",143,10000142,36.39,9524838613
"146","Supplier B",144,10000143,11.4,2688343216
"147","Supplier B",145,10000144,34.75,7863251001
"148","Supplier B",146,10000145,90.98,5016415135
"149","Supplier B",147,10000146,48.56,5782509092
"150","Supplier B",148,10000147,28.25,6978847891
"151","Supplier B",149,10000148,81.91,3778593111
"152","Supplier B",150,10000149,13.6,3738620353
"153","Supplier B",151,10000150,88.67,7707638247
"154","Supplier B",152,10000151,85.72,1155220518
"155","Supplier B",153,10000152,82.57,8317896844
"156","Supplier B",154,10000153,63.37,2047711383
"157","Supplier B",155,10000154,23.01,8132953574
"158","Supplier B",156,10000155,53.85,8083137587
"159","Supplier B",157,10000156,71.3,7188297619
"160","Supplier B",158,10000157,27.94,8565454943
"161","Supplier B",159,10000158,85.74,5513527196
"162","Supplier B",160,10000159,1.92,2037639894
"163","Supplier B",161,10000160,10.39,1630972304
"164","Supplier B",162,10000161,59.96,3232984690
"165","Supplier B",163,10000162,85.61,2010356182
"166","Supplier B",164,10000163,45.59,4891108827
"167","Supplier B",165,10000164,27.87,4125323565
"168","Supplier B",166,10000165,62.12,7021915020
"169","Supplier B",167,10000166,85.6,2335726512
"170","Supplier B",168,10000167,88.95,6527041872
"171","Supplier B",169,10000168,76.59,3156167199
"172","Supplier B",170,10000169,1.54,7164562800
"173","Supplier B",171,10000170,1.42,1618586695
"174","Supplier B",172,10000171,65.18,3469759663
"175","Supplier B",173,10000172,92.73,6588147242
"176","Supplier B",174,10000173,66.9,9081095662
"177","Supplier B",175,10000174,55.77,1282819912
"178","Supplier B",176,10000175,40.91,9761310822
"179","Supplier B",177,10000176,94.39,7933549256
"180","Supplier B",178,10000177,47.16,6881504538
"181","Supplier B",179,10000178,77.68,8182927026
"182","Supplier B",180,10000179,74.18,3655372465
"183","Supplier B",181,10000180,40.54,7218263597
"184","Supplier B",182,10000181,33.54,6737863355
"185","Supplier B",183,10000182,45.95,1006800038
"186","Supplier B",184,10000183,15.36,4369251112
"187","Supplier B",185,10000184,78.53,3155160958
"188","Supplier B",186,10000185,46.49,4393919688
"189","Supplier B",187,10000186,93.52,7622067124
"190","Supplier B",188,10000187,63.35,9207220770
"191","Supplier B",189,10000188,41.21,6571438799
"192","Supplier B",190,10000189,83.92,3433912843
"193","Supplier B",191,10000190,99.98,1128650895
"194","Supplier B",192,10000191,40.32,5706854719
"195","Supplier B",193,10000192,10.66,9858280439
"196","Supplier B",194,10000193,19.62,6636863432
"197","Supplier B",195,10000194,30.41,4981900609
"198","Supplier B",196,10000195,35.68,9477579083
"199","Supplier B",197,10000196,57.19,7848185113
"200","Supplier B",198,10000197,19.83,1728522029
"201","Supplier B",199,10000198,87.02,2376524688
"202","Supplier B",200,10000199,58.86,7412918639
"203","Supplier B",201,10000200,34.07,1575152943
"204","Supplier B",202,10000201,18.33,1077656563
"205","Supplier B",203,10000202,81.41,5515560539
"206","Supplier B",204,10000203,84.47,4150871945
"207","Supplier B",205,10000204,45.74,5469133596
"208","Supplier B",206,10000205,66.69,6189321455
"209","Supplier B",207,10000206,49.09,4509904899
"210","Supplier B",208,10000207,2.58,8527183618
"211","Supplier B",209,10000208,84.35,9118579591
"212","Supplier B",210,10000209,28.5,8658801160
"213","Supplier B",211,10000210,12.44,5185202217
"214","Supplier B",212,10000211,78.69,8768283898
"215","Supplier B",213,10000212,46.72,4152888173
"216","Supplier B",214,10000213,66.61,4725911449
"217","Supplier B",215,10000214,99.35,7872542861
"218","Supplier B",216,10000215,46.43,3158330939
"219","Supplier B",217,10000216,95.31,2023082782
"220","Supplier B",218,10000217,26.68,3423679806
"221","Supplier B",219,10000218,63.71,4460197612
"222","Supplier B",220,10000219,29.01,8702959893
"223","Supplier B",221,10000220,20.69,6404308558
"224","Supplier B",222,10000221,76.73,3851879361
"225","Supplier B",223,10000222,20.6,7900473044
"226","Supplier B",224,10000223,34.93,5015706954
"227","Supplier B",225,10000224,90.06,3830659502
"228","Supplier B",226,10000225,91.56,9104796117
"229","Supplier B",227,10000226,12.16,1927828571
"230","Supplier B",228,10000227,83.53,8563164838
"231","Supplier B",229,10000228,81.44,2060661165
"232","Supplier B",230,10000229,17.57,7364284585
"233","Supplier B",231,10000230,20.28,6658468585
"234","Supplier B",232,10000231,43.49,8105422646
"235","Supplier B",233,10000232,37.4,8621005372
"236","Supplier B",234,10000233,61.72,4804364959
"237","Supplier B",235,10000234,43.63,8629204491
"238","Supplier B",236,10000235,10.52,1719625225
"239","Supplier B",237,10000236,69.65,9203046552
"240","Supplier B",238,10000237,24.36,3236552322
"241","Supplier B",239,10000238,99.42,9983212050
"242","Supplier B",240,10000239,39.59,3800262356
"243","Supplier B",241,10000240,29.65,2840051988
"244","Supplier B",242,10000241,69.05,7121407844
"245","Supplier B",243,10000242,24.49,3132121201
"246","Supplier B",244,10000243,94.75,5722981453
"247","Supplier B",245,10000244,29.61,6476094124
"248","Supplier B",246,10000245,96.27,8338541063
"249","Supplier B",247,10000246,10.05,5609860646
"250","Supplier B",248,10000247,88.88,1707485766
"251","Supplier B",249,10000248,17.67,8585347733
"252","Supplier B",250,10000249,55.69,1013926650
"253","Supplier B",251,10000250,1.73,4543005413
"254","Supplier B",252,10000251,74.61,9932127488
"255","Supplier B",253,10000252,57.2,3140158585
"256","Supplier B",254,10000253,58.04,3298859876
"257","Supplier B",255,10000254,22.52,2965825754
"258","Supplier B",256,10000255,7.87,2722503749
"259","Supplier B",257,10000256,91.6,2049740459
"260","Supplier B",258,10000257,27.05,3629142232
"261","Supplier B",259,10000258,4.98,3408613460
"262","Supplier B",260,10000259,61.06,5032027485
"263","Supplier B",261,10000260,92.99,4068087090
"264","Supplier B",262,10000261,97.89,7231890467
"265","Supplier B",263,10000262,74.14,5797804239
"266","Supplier B",264,10000263,20.54,9778049726
"267","Supplier B",265,10000264,70.72,8080493054
"268","Supplier B",266,10000265,35.11,3751277325
"269","Supplier B",267,10000266,93.31,8094475270
"270","Supplier B",268,10000267,94.68,6961133532
"271","Supplier B",269,10000268,62.89,4436149962
"272","Supplier B",270,10000269,37.07,4946095732
"273","Supplier B",271,10000270,42.5,9051163791
"274","Supplier B",272,10000271,87.32,7828537683
"275","Supplier B",273,10000272,27.71,8553253877
"276","Supplier B",274,10000273,59.16,8661319135
"277","Supplier B",275,10000274,5.69,1386069072
"278","Supplier B",276,10000275,93.04,3471532454
"279","Supplier B",277,10000276,25.81,7112286168
"280","Supplier B",278,10000277,92.28,7409905382
"281","Supplier B",279,10000278,53.43,2027797597
"282","Supplier B",280,10000279,13.58,5947305544
"283","Supplier B",281,10000280,35.89,5262369055
"284","Supplier B",282,10000281,95.98,2326721152
"285","Supplier B",283,10000282,58.8,3315090327
"286","Supplier B",284,10000283,56.56,6929209869
"287","Supplier B",285,10000284,21.99,2731191172
"288","Supplier B",286,10000285,23.93,1074844973
"289","Supplier B",287,10000286,93.86,5108165277
"290","Supplier B",288,10000287,80.47,5700366347
"291","Supplier B",289,10000288,52.33,8449151868
"292","Supplier B",290,10000289,28.31,1921734740
"293","Supplier B",291,10000290,21.88,9228931913
"294","Supplier B",292,10000291,95.53,6935611453
"295","Supplier B",293,10000292,40.04,1293818121
"296","Supplier B",294,10000293,65.79,2380444796
"297","Supplier B",295,10000294,30.25,5271728268
"298","Supplier B",296,10000295,94.89,1201791743
"299","Supplier B",297,10000296,82.25,6027593476
"300","Supplier B",298,10000297,51.5,3770608259
"301","Supplier B",299,10000298,68.58,3531055189
"302","Supplier B",300,10000299,16.64,3299198489
"303","Supplier B",301,10000300,46.12,8897262729
"304","Supplier B",302,10000301,42.51,1337255918
"305","Supplier B",303,10000302,8.76,9632024542
"306","Supplier B",304,10000303,98.07,2516019133
"307","Supplier B",305,10000304,68.91,9891116611
"308","Supplier B",306,10000305,65.09,2041979700
"309","Supplier B",307,10000306,57.79,8837281904
"310","Supplier B",308,10000307,87.08,5983046600
"311","Supplier B",309,10000308,77.49,9674880987
"312","Supplier B",310,10000309,49.48,4921165309
"313","Supplier B",311,10000310,74.29,1085033706
"314","Supplier B",312,10000311,34.86,8177080960
"315","Supplier B",313,10000312,43.44,8046387783
"316","Supplier B",314,10000313,52.07,7458428015
"317","Supplier B",315,10000314,85.14,2595257233
"318","Supplier B",316,10000315,99.23,8347831838
"319","Supplier B",317,10000316,52.68,4105357299
"320","Supplier B",318,10000317,11.03,2799880357
"321","Supplier B",319,10000318,16.8,1464517576
"322","Supplier B",320,10000319,32.31,3869715354
"323","Supplier B",321,10000320,60.36,4849794792
"324","Supplier B",322,10000321,31.38,9585677037
"325","Supplier B",323,10000322,98.85,5525981627
"326","Supplier B",324,10000323,34.86,8251277064
"327","Supplier B",325,10000324,5.29,1726869876
"328","Supplier B",326,10000325,79.87,1196593023
"329","Supplier B",327,10000326,34.08,5842473737
"330","Supplier B",328,10000327,65.44,8217724596
"331","Supplier B",329,10000328,61.72,3484851989
"332","Supplier B",330,10000329,2.73,2932824921
"333","Supplier B",331,10000330,82.29,3303760247
"334","Supplier B",332,10000331,91.9,7802229923
"335","Supplier B",333,10000332,94.54,7286448256
"336","Supplier B",334,10000333,7.07,7959176554
"337","Supplier B",335,10000334,19.61,4898871763
"338","Supplier B",336,10000335,70.89,8619693555
"339","Supplier B",337,10000336,76.39,5039573589
"340","Supplier B",338,10000337,52.7,4248358830
"341","Supplier B",339,10000338,77.51,4763587791
"342","Supplier B",340,10000339,54.14,4052778120
"343","Supplier B",341,10000340,48.5,8269859171
"344","Supplier B",342,10000341,33.87,2178565673
"345","Supplier B",343,10000342,64.89,3509031939
"346","Supplier B",344,10000343,68.37,8054894740
"347","Supplier B",345,10000344,59.2,8735871522
"348","Supplier B",346,10000345,72.37,4342229730
"349","Supplier B",347,10000346,8.2,9153292836
"350","Supplier B",348,10000347,30.43,3261130566
"351","Supplier B",349,10000348,78.29,5887540355
"352","Supplier B",350,10000349,50.34,9501528704
"353","Supplier B",351,10000350,72.06,2010645597
"354","Supplier B",352,10000351,43.94,3887519806
"355","Supplier B",353,10000352,39.27,1371509296
"356","Supplier B",354,10000353,8.63,7101683211
"357","Supplier B",355,10000354,79.97,9859025317
"358","Supplier B",356,10000355,40.47,2267919096
"359","Supplier B",357,10000356,75.77,1522914820
"360","Supplier B",358,10000357,75.66,6753855232
"361","Supplier B",359,10000358,27.68,5860272953
"362","Supplier B",360,10000359,28.37,1015645217
"363","Supplier B",361,10000360,51.12,3339248111
"364","Supplier B",362,10000361,85.36,8973435407
"365","Supplier B",363,10000362,73.16,3469163902
"366","Supplier B",364,10000363,18.8,5418671017
"367","Supplier B",365,10000364,8.3,8572098057
"368","Supplier B",366,10000365,81.73,2987844762
"369","Supplier B",367,10000366,72.7,2302827182
"370","Supplier B",368,10000367,65.83,5959382260
"371","Supplier B",369,10000368,57.94,7605115539
"372","Supplier B",370,10000369,61.97,2338763525
"373","Supplier B",371,10000370,79.12,2226593277
"374","Supplier B",372,10000371,88.07,3219354031
"375","Supplier B",373,10000372,12.21,6386142473
"376","Supplier B",374,10000373,18.96,7154538728
"377","Supplier B",375,10000374,83.56,4813870014
"378","Supplier B",376,10000375,52.1,4504440724
"379","Supplier B",377,10000376,48.22,8719650194
"380","Supplier B",378,10000377,45.47,8106897477
"381","Supplier B",379,10000378,8.59,3732739443
"382","Supplier B",380,10000379,96.16,1550736275
"383","Supplier B",381,10000380,96.65,6660529478
"384","Supplier B",382,10000381,95.48,6476396601
"385","Supplier B",383,10000382,98.44,3785890340
"386","Supplier B",384,10000383,30.45,4389768470
"387","Supplier B",385,10000384,9.94,6756960792
"388","Supplier B",386,10000385,4.25,7019561498
"389","Supplier B",387,10000386,26.21,2426322722
"390","Supplier B",388,10000387,69.39,3154996623
"391","Supplier B",389,10000388,69.83,7317759827
"392","Supplier B",390,10000389,71.39,4080859970
"393","Supplier B",391,10000390,15.35,4683136503
"394","Supplier B",392,10000391,9.11,7589458703
"395","Supplier B",393,10000392,96.04,7139266014
"396","Supplier B",394,10000393,75.46,5447837814
"397","Supplier B",395,10000394,31.23,9025511082
"398","Supplier B",396,10000395,65.2,6688926359
"399","Supplier B",397,10000396,12.07,9257162130
"400","Supplier B",398,10000397,91.98,3760889737
"401","Supplier B",399,10000398,27.59,2394171908
"402","Supplier B",400,10000399,99.7,3033184948
"403","Supplier B",401,10000400,93.7,2539684253
"404","Supplier B",402,10000401,6.78,6889990043
"405","Supplier B",403,10000402,96.29,7686961002
"406","Supplier B",404,10000403,52.78,8648423778
"407","Supplier B",405,10000404,29.33,7437605736
"408","Supplier B",406,10000405,31.94,9897759271
"409","Supplier B",407,10000406,84.88,6715340187
"410","Supplier B",408,10000407,73.73,3120766943
"411","Supplier B",409,10000408,4.8,1148067471
"412","Supplier B",410,10000409,79.28,8048095948
"413","Supplier B",411,10000410,47.21,1100417018
"414","Supplier B",412,10000411,54.35,2802803356
"415","Supplier B",413,10000412,26.54,4235923325
"416","Supplier B",414,10000413,97.36,7292965129
"417","Supplier B",415,10000414,42.81,4466026148
"418","Supplier B",416,10000415,67.35,9177087745
"419","Supplier B",417,10000416,22.21,9397793563
"420","Supplier B",418,10000417,5.48,5850782509
"421","Supplier B",419,10000418,42.33,2422534468
"422","Supplier B",420,10000419,51.89,4947744171
"423","Supplier B",421,10000420,16.01,7050562876
"424","Supplier B",422,10000421,81.08,2645382453
"425","Supplier B",423,10000422,85.75,6780592359
"426","Supplier B",424,10000423,23.68,7467646239
"427","Supplier B",425,10000424,25.11,3483028508
"428","Supplier B",426,10000425,34.63,4936654251
"429","Supplier B",427,10000426,76.46,5721728139
"430","Supplier B",428,10000427,27.98,8968857253
"431","Supplier B",429,10000428,87.61,1035503348
"432","Supplier B",430,10000429,27.53,9909140223
"433","Supplier B",431,10000430,14.37,2527724007
"434","Supplier B",432,10000431,49.84,4523725741
"435","Supplier B",433,10000432,64.28,1669414077
"436","Supplier B",434,10000433,69.15,9686992258
"437","Supplier B",435,10000434,46.66,5306455334
"438","Supplier B",436,10000435,16.83,1497066168
"439","Supplier B",437,10000436,2.48,9545071510
"440","Supplier B",438,10000437,40.63,1074568329
"441","Supplier B",439,10000438,6.45,2849789537
"442","Supplier B",440,10000439,99.33,1958961871
"443","Supplier B",441,10000440,20.55,5214479959
"444","Supplier B",442,10000441,87.81,3586147223
"445","Supplier B",443,10000442,39.66,1551861898
"446","Supplier B",444,10000443,88.18,5787608982
"447","Supplier B",445,10000444,76.83,9908987430
"448","Supplier B",446,10000445,59.61,4854260744
"449","Supplier B",447,10000446,51.09,5744751419
"450","Supplier B",448,10000447,54.05,1389067135
"451","Supplier B",449,10000448,52.16,5844829313
"452","Supplier B",450,10000449,84.85,9265739177
"453","Supplier B",451,10000450,16.17,5966521757
"454","Supplier B",452,10000451,93.79,4820451558
"455","Supplier B",453,10000452,34.5,8359457275
"456","Supplier B",454,10000453,42.68,7437796293
"457","Supplier B",455,10000454,56.51,9904798415
"458","Supplier B",456,10000455,22.14,7590957169
"459","Supplier B",457,10000456,14.89,5198713666
"460","Supplier B",458,10000457,75.73,6812622654
"461","Supplier B",459,10000458,22.83,6565467796
"462","Supplier B",460,10000459,4.15,7487023195
"463","Supplier B",461,10000460,4.44,1030709704
"464","Supplier B",462,10000461,4.46,2312927985
"465","Supplier B",463,10000462,24.21,4568933187
"466","Supplier B",464,10000463,86.4,8327927306
"467","Supplier B",465,10000464,20.15,8251570570
"468","Supplier B",466,10000465,8.98,3769574546
"469","Supplier B",467,10000466,93.81,2480657797
"470","Supplier B",468,10000467,17.72,7679422466
"471","Supplier B",469,10000468,97.21,7540736503
"472","Supplier B",470,10000469,34.77,2001450483
"473","Supplier B",471,10000470,15.53,9418235643
"474","Supplier B",472,10000471,43.62,2449437701
"475","Supplier B",473,10000472,38.13,3351085424
"476","Supplier B",474,10000473,27.24,3314385523
"477","Supplier B",475,10000474,34.5,7471638059
"478","Supplier B",476,10000475,2.16,5122943516
"479","Supplier B",477,10000476,70.56,4101497040
"480","Supplier B",478,10000477,20.08,3124797090
"481","Supplier B",479,10000478,6.46,8208705360
"482","Supplier B",480,10000479,46.35,4073866741
"483","Supplier B",481,10000480,85.63,9887820927
"484","Supplier B",482,10000481,70.8,5219286722
"485","Supplier B",483,10000482,50.91,3270730825
"486","Supplier B",484,10000483,99.49,8049087139
"487","Supplier B",485,10000484,10.6,4415934718
"488","Supplier B",486,10000485,38.55,3080942879
"489","Supplier B",487,10000486,82.57,4705541809
"490","Supplier B",488,10000487,33.92,5938629201
"491","Supplier B",489,10000488,54.64,5489346441
"492","Supplier B",490,10000489,28.29,9320988687
"493","Supplier B",491,10000490,33.66,3981070608
"494","Supplier B",492,10000491,67.58,9854332170
"495","Supplier B",493,10000492,69.21,8191486523
"496","Supplier B",494,10000493,33.5,9122567669
"497","Supplier B",495,10000494,16.55,6273479662
"498","Supplier B",496,10000495,38.91,1985623128
"499","Supplier B",497,10000496,97.12,3782747212
"500","Supplier B",498,10000497,92.87,8161079491
"501","Supplier B",499,10000498,58.78,9445917040
"502","Supplier B",500,10000499,11.58,4400209552
"503","Supplier B",501,10000500,95.37,9943241762
"504","Supplier B",502,10000501,76.38,5173021532
"505","Supplier B",503,10000502,86.19,3651645731
"506","Supplier B",504,10000503,36.59,8808978398
"507","Supplier B",505,10000504,65.58,5045699988
"508","Supplier B",506,10000505,100,9431495350
"509","Supplier B",507,10000506,90.53,7611673127
"510","Supplier B",508,10000507,13.83,3326358559
"511","Supplier B",509,10000508,73.56,9991306007
"512","Supplier B",510,10000509,73.62,7737467723
"513","Supplier B",511,10000510,24.8,8148949345
"514","Supplier B",512,10000511,83.22,8235471356
"515","Supplier B",513,10000512,63.76,7102598762
"516","Supplier B",514,10000513,7.04,4524607247
"517","Supplier B",515,10000514,93.69,4858846289
"518","Supplier B",516,10000515,61.35,7624542334
"519","Supplier B",517,10000516,87.73,5848442578
"520","Supplier B",518,10000517,15.07,4877010896
"521","Supplier B",519,10000518,4.32,2718705783
"522","Supplier B",520,10000519,24.48,5420708420
"523","Supplier B",521,10000520,96.97,3998760990
"524","Supplier B",522,10000521,61.58,6038424699
"525","Supplier B",523,10000522,73.26,7195867983
"526","Supplier B",524,10000523,50.52,8229768822
"527","Supplier B",525,10000524,13.62,8094892394
"528","Supplier B",526,10000525,64.05,5986627052
"529","Supplier B",527,10000526,3,7096735061
"530","Supplier B",528,10000527,31.17,2215539992
"531","Supplier B",529,10000528,83.65,9445733617
"532","Supplier B",530,10000529,20.09,5981375171
"533","Supplier B",531,10000530,48.63,3465519062
"534","Supplier B",532,10000531,58.35,9159372590
"535","Supplier B",533,10000532,7.61,5102330737
"536","Supplier B",534,10000533,42,4205635326
"537","Supplier B",535,10000534,63.54,4603683884
"538","Supplier B",536,10000535,47.9,6657517945
"539","Supplier B",537,10000536,41.87,9487854794
"540","Supplier B",538,10000537,83.7,8689889145
"541","Supplier B",539,10000538,10.39,8221069313
"542","Supplier B",540,10000539,94.09,3175064265
"543","Supplier B",541,10000540,16.22,5985378506
"544","Supplier B",542,10000541,19.47,9333861113
"545","Supplier B",543,10000542,26.46,5548660449
"546","Supplier B",544,10000543,3.84,4988879315
"547","Supplier B",545,10000544,83.78,9586948541
"548","Supplier B",546,10000545,32.66,3450578822
"549","Supplier B",547,10000546,72.95,2121281489
"550","Supplier B",548,10000547,99.45,8572854755
"551","Supplier B",549,10000548,37.01,8343830920
"552","Supplier B",550,10000549,28.76,4194730274
"553","Supplier B",551,10000550,72.82,9811417931
"554","Supplier B",552,10000551,77.04,1423664703
"555","Supplier B",553,10000552,86.85,9506294351
"556","Supplier B",554,10000553,95.7,2849161556
"557","Supplier B",555,10000554,33.52,4772340001
"558","Supplier B",556,10000555,54.46,5759889740
"559","Supplier B",557,10000556,96.27,5758821935
"560","Supplier B",558,10000557,9,9113899963
"561","Supplier B",559,10000558,83.29,8465559469
"562","Supplier B",560,10000559,80.19,5947716995
"563","Supplier B",561,10000560,81.7,9609798822
"564","Supplier B",562,10000561,22.23,5789183040
"565","Supplier B",563,10000562,91.29,3756241740
"566","Supplier B",564,10000563,33.28,5620772224
"567","Supplier B",565,10000564,61.21,5133880770
"568","Supplier B",566,10000565,27.98,1281609079
"569","Supplier B",567,10000566,86.49,8719035156
"570","Supplier B",568,10000567,59.16,3499080154
"571","Supplier B",569,10000568,63.44,8665904692
"572","Supplier B",570,10000569,65.44,9860005044
"573","Supplier B",571,10000570,29.58,3030993043
"574","Supplier B",572,10000571,37.69,2453021357
"575","Supplier B",573,10000572,60.33,4697951904
"576","Supplier B",574,10000573,46.98,8960109167
"577","Supplier B",575,10000574,44.97,6966676058
"578","Supplier B",576,10000575,94.86,6460533625
"579","Supplier B",577,10000576,37.76,1953215092
"580","Supplier B",578,10000577,92.68,6117155490
"581","Supplier B",579,10000578,89.12,2291188839
"582","Supplier B",580,10000579,3.57,1799654739
"583","Supplier B",581,10000580,12.7,9833573975
"584","Supplier B",582,10000581,89.81,4469007084
"585","Supplier B",583,10000582,94.2,4046491719
"586","Supplier B",584,10000583,1.14,7527292121
"587","Supplier B",585,10000584,13.48,1471540491
"588","Supplier B",586,10000585,6.39,8952217389
"589","Supplier B",587,10000586,65.6,7838553991
"590","Supplier B",588,10000587,33.2,9098630693
"591","Supplier B",589,10000588,54.12,2801187053
"592","Supplier B",590,10000589,83.46,5305009253
"593","Supplier B",591,10000590,56.96,1384753925
"594","Supplier B",592,10000591,28.42,9498170564
"595","Supplier B",593,10000592,61.08,8665045498
"596","Supplier B",594,10000593,16.75,7116700007
"597","Supplier B",595,10000594,94.49,8548163607
"598","Supplier B",596,10000595,4.28,5788284792
"599","Supplier B",597,10000596,28.17,4280643445
"600","Supplier B",598,10000597,72.17,4737684285
"601","Supplier B",599,10000598,1.54,4028191810
"602","Supplier B",600,10000599,5.16,7094046199
"603","Supplier B",601,10000600,95.34,7901865727
"604","Supplier B",602,10000601,42.24,1322837280
"605","Supplier B",603,10000602,34.48,7247741796
"606","Supplier B",604,10000603,26.6,5944479470
"607","Supplier B",605,10000604,17.41,1675648121
"608","Supplier B",606,10000605,23.69,9693145558
"609","Supplier B",607,10000606,88.5,6363881392
"610","Supplier B",608,10000607,92.97,8314273622
"611","Supplier B",609,10000608,18.22,5621989671
"612","Supplier B",610,10000609,32.69,5839094881
"613","Supplier B",611,10000610,67.65,9870505039
"614","Supplier B",612,10000611,5.34,6010473078
"615","Supplier B",613,10000612,89.15,6791852335
"616","Supplier B",614,10000613,79.11,2085553681
"617","Supplier B",615,10000614,78.32,9719046818
"618","Supplier B",616,10000615,66.39,8921406798
"619","Supplier B",617,10000616,68.65,9492403010
"620","Supplier B",618,10000617,48.07,2561543101
"621","Supplier B",619,10000618,12.37,6646628907
"622","Supplier B",620,10000619,6.56,3734878115
"623","Supplier B",621,10000620,91.07,4938443542
"624","Supplier B",622,10000621,58.73,1685132859
"625","Supplier B",623,10000622,1.44,4281498611
"626","Supplier B",624,10000623,94.25,4473530916
"627","Supplier B",625,10000624,2.54,5772981021
"628","Supplier B",626,10000625,62.01,4211069973
"629","Supplier B",627,10000626,36.04,6862306951
"630","Supplier B",628,10000627,95.04,7877293927
"631","Supplier B",629,10000628,93.37,1900323845
"632","Supplier B",630,10000629,46.41,1282413978
"633","Supplier B",631,10000630,8.89,6599300997
"634","Supplier B",632,10000631,80.66,5547630870
"635","Supplier B",633,10000632,43.43,1969826035
"636","Supplier B",634,10000633,91.49,1598084548
"637","Supplier B",635,10000634,92.5,4701310512
"638","Supplier B",636,10000635,88.62,6196635324
"639","Supplier B",637,10000636,20.73,4959466665
"640","Supplier B",638,10000637,77.68,8648185040
"641","Supplier B",639,10000638,1.58,8796911100
"642","Supplier B",640,10000639,87.6,7170946026
"643","Supplier B",641,10000640,10.82,2840040015
"644","Supplier B",642,10000641,54.12,8867781566
"645","Supplier B",643,10000642,8.87,8709611803
"646","Supplier B",644,10000643,17.01,2083068233
"647","Supplier B",645,10000644,23.5,4914103461
"648","Supplier B",646,10000645,67.32,2983079742
"649","Supplier B",647,10000646,89.23,7331308560
"650","Supplier B",648,10000647,60.08,2727254047
"651","Supplier B",649,10000648,86.59,6772944655
"652","Supplier B",650,10000649,51.36,5546842547
"653","Supplier B",651,10000650,78.28,8865418151
"654","Supplier B",652,10000651,74.29,2433156084
"655","Supplier B",653,10000652,55.1,4099791098
"656","Supplier B",654,10000653,96.61,3507724327
"657","Supplier B",655,10000654,28.58,4416504948
"658","Supplier B",656,10000655,81.83,7424128812
"659","Supplier B",657,10000656,73.12,7964423975
"660","Supplier B",658,10000657,44.1,4061861731
"661","Supplier B",659,10000658,98.48,1306413497
"662","Supplier B",660,10000659,14.53,6225693885
"663","Supplier B",661,10000660,58.07,6642903130
"664","Supplier B",662,10000661,81.36,8323940135
"665","Supplier B",663,10000662,24.84,7251726614
"666","Supplier B",664,10000663,96.41,9654554233
"667","Supplier B",665,10000664,38.31,3541836956
"668","Supplier B",666,10000665,82.88,3076585775
"669","Supplier B",667,10000666,11.63,2661626451
"670","Supplier B",668,10000667,35.77,8769943495
"671","Supplier B",669,10000668,4.94,6068552576
"672","Supplier B",670,10000669,11.3,4606332908
"673","Supplier B",671,10000670,92.26,7586594603
"674","Supplier B",672,10000671,8.18,5979709498
"675","Supplier B",673,10000672,52.28,1035494730
"676","Supplier B",674,10000673,29.09,3752924700
"677","Supplier B",675,10000674,30.75,2890085987
"678","Supplier B",676,10000675,2.49,3324387428
"679","Supplier B",677,10000676,31.82,5780652662
"680","Supplier B",678,10000677,53.2,7818943796
"681","Supplier B",679,10000678,21.34,9027811488
"682","Supplier B",680,10000679,26.78,7435478440
"683","Supplier B",681,10000680,30.88,4365567375
"684","Supplier B",682,10000681,38.12,9266420547
"685","Supplier B",683,10000682,13.72,4306474325
"686","Supplier B",684,10000683,59.67,4137665366
"687","Supplier B",685,10000684,8.18,6276527375
"688","Supplier B",686,10000685,61.42,1005343061
"689","Supplier B",687,10000686,16.51,5705742108
"690","Supplier B",688,10000687,3.82,5695027265
"691","Supplier B",689,10000688,89.92,2607730788
"692","Supplier B",690,10000689,54.55,7411230581
"693","Supplier B",691,10000690,28.27,4228208967
"694","Supplier B",692,10000691,79.05,9313334111
"695","Supplier B",693,10000692,70.69,8808443095
"696","Supplier B",694,10000693,88.68,7368120809
"697","Supplier B",695,10000694,59.53,9795227285
"698","Supplier B",696,10000695,7.86,6478727619
"699","Supplier B",697,10000696,75.44,4569410401
"700","Supplier B",698,10000697,31.54,2783169007
"701","Supplier B",699,10000698,15.06,2390073644
"702","Supplier B",700,10000699,91.63,1243374443
"703","Supplier B",701,10000700,51.64,4089839635
"704","Supplier B",702,10000701,28.15,7295423842
"705","Supplier B",703,10000702,69.76,2098349273
"706","Supplier B",704,10000703,22.88,8474480577
"707","Supplier B",705,10000704,49.8,5711830119
"708","Supplier B",706,10000705,7.51,6910516169
"709","Supplier B",707,10000706,3.97,1570560213
"710","Supplier B",708,10000707,26.24,9689896073
"711","Supplier B",709,10000708,66.91,9601458874
"712","Supplier B",710,10000709,8.77,4606856345
"713","Supplier B",711,10000710,70.01,7029613766
"714","Supplier B",712,10000711,96.76,7100455920
"715","Supplier B",713,10000712,7.34,5554357013
"716","Supplier B",714,10000713,14.7,5755097078
"717","Supplier B",715,10000714,74.7,4004728674
"718","Supplier B",716,10000715,74.24,7627829886
"719","Supplier B",717,10000716,25.52,1524378217
"720","Supplier B",718,10000717,38.84,4888597949
"721","Supplier B",719,10000718,27.78,6093750535
"722","Supplier B",720,10000719,93.35,6325180208
"723","Supplier B",721,10000720,7.5,8797791074
"724","Supplier B",722,10000721,36.68,6414325392
"725","Supplier B",723,10000722,85.94,8281569844
"726","Supplier B",724,10000723,32.1,7080980798
"727","Supplier B",725,10000724,57.93,2178677686
"728","Supplier B",726,10000725,10.9,8815116608
"729","Supplier B",727,10000726,4.92,8894628702
"730","Supplier B",728,10000727,84.33,1025916650
"731","Supplier B",729,10000728,21.7,9945681471
"732","Supplier B",730,10000729,10.32,9700075663
"733","Supplier B",731,10000730,38.9,3224181559
"734","Supplier B",732,10000731,59.7,8847146155
"735","Supplier B",733,10000732,30.38,8213384342
"736","Supplier B",734,10000733,91.94,4802067914
"737","Supplier B",735,10000734,35.68,3219048724
"738","Supplier B",736,10000735,38.86,4519064938
"739","Supplier B",737,10000736,10.37,5126340658
"740","Supplier B",738,10000737,43.81,1669024930
"741","Supplier B",739,10000738,70.11,1853719315
"742","Supplier B",740,10000739,89,1678669092
"743","Supplier B",741,10000740,60.89,8636198762
"744","Supplier B",742,10000741,13.07,1160246442
"745","Supplier B",743,10000742,6.32,4879899997
"746","Supplier B",744,10000743,13.22,7348361066
"747","Supplier B",745,10000744,22.97,1171559089
"748","Supplier B",746,10000745,35.91,6860687393
"749","Supplier B",747,10000746,74.6,4771144324
"750","Supplier B",748,10000747,72.47,8880286143
"751","Supplier B",749,10000748,2.05,9712722792
"752","Supplier B",750,10000749,83.98,4082352242
"753","Supplier B",751,10000750,45.78,4389686493
"754","Supplier B",752,10000751,64.11,2844048224
"755","Supplier B",753,10000752,18.67,6634301626
"756","Supplier B",754,10000753,47.25,8513097349
"757","Supplier B",755,10000754,54.42,1176619705
"758","Supplier B",756,10000755,2.09,4845611747
"759","Supplier B",757,10000756,57.32,1180911315
"760","Supplier B",758,10000757,39.56,4231535213
"761","Supplier B",759,10000758,67.58,7182063874
"762","Supplier B",760,10000759,78.04,4566633091
"763","Supplier B",761,10000760,14.88,3532022305
"764","Supplier B",762,10000761,73.45,2116311137
"765","Supplier B",763,10000762,51.65,1001862616
"766","Supplier B",764,10000763,6.56,3986572997
"767","Supplier B",765,10000764,42.42,3457690567
"768","Supplier B",766,10000765,17.51,1355645665
"769","Supplier B",767,10000766,13.04,5937179190
"770","Supplier B",768,10000767,80.18,4074796020
"771","Supplier B",769,10000768,39.22,4905380458
"772","Supplier B",770,10000769,57.8,6164406922
"773","Supplier B",771,10000770,26.45,6630041022
"774","Supplier B",772,10000771,80.12,8541191587
"775","Supplier B",773,10000772,64.29,7738075912
"776","Supplier B",774,10000773,54.81,2000274400
"777","Supplier B",775,10000774,80.93,5995532841
"778","Supplier B",776,10000775,7.48,8903319365
"779","Supplier B",777,10000776,78.9,9159710127
"780","Supplier B",778,10000777,79.27,5418496743
"781","Supplier B",779,10000778,40.78,1626798950
"782","Supplier B",780,10000779,57.42,7759170149
"783","Supplier B",781,10000780,31.37,4726809086
"784","Supplier B",782,10000781,83.18,8849054548
"785","Supplier B",783,10000782,43.97,4158152837
"786","Supplier B",784,10000783,93.89,1583227574
"787","Supplier B",785,10000784,46.78,6096973170
"788","Supplier B",786,10000785,5.53,8486979483
"789","Supplier B",787,10000786,23.65,6139698154
"790","Supplier B",788,10000787,72.38,9994864713
"791","Supplier B",789,10000788,19.04,1680966169
"792","Supplier B",790,10000789,44.87,1032353972
"793","Supplier B",791,10000790,85.47,1494990523
"794","Supplier B",792,10000791,2.05,4267767080
"795","Supplier B",793,10000792,77.82,2998262827
"796","Supplier B",794,10000793,21.18,4139956218
"797","Supplier B",795,10000794,42.02,8717149509
"798","Supplier B",796,10000795,62.19,4357582643
"799","Supplier B",797,10000796,22.79,4316479189
"800","Supplier B",798,10000797,22.51,2931692523
"801","Supplier B",799,10000798,1.53,2884828647
"802","Supplier B",800,10000799,85.58,4034637507
"803","Supplier B",801,10000800,74.73,3224757988
"804","Supplier B",802,10000801,50.55,7795975995
"805","Supplier B",803,10000802,5.16,6102337324
"806","Supplier B",804,10000803,13.21,7278066105
"807","Supplier B",805,10000804,29.35,4907355609
"808","Supplier B",806,10000805,14.77,2953953703
"809","Supplier B",807,10000806,66.94,4062364656
"810","Supplier B",808,10000807,35.56,9778800726
"811","Supplier B",809,10000808,2.88,8444035875
"812","Supplier B",810,10000809,6.04,5294002823
"813","Supplier B",811,10000810,72.39,3533714344
"814","Supplier B",812,10000811,55.94,5516472082
"815","Supplier B",813,10000812,47.13,7924822612
"816","Supplier B",814,10000813,24.64,3352794051
"817","Supplier B",815,10000814,26.28,8669037405
"818","Supplier B",816,10000815,94.14,5619748560
"819","Supplier B",817,10000816,52.39,3575196662
"820","Supplier B",818,10000817,60.92,2918855209
"821","Supplier B",819,10000818,67.12,1580220538
"822","Supplier B",820,10000819,82.12,7043274166
"823","Supplier B",821,10000820,69.65,3762778907
"824","Supplier B",822,10000821,85.43,1832332901
"825","Supplier B",823,10000822,25.14,8801526463
"826","Supplier B",824,10000823,10.39,7717227605
"827","Supplier B",825,10000824,97.01,6824687093
"828","Supplier B",826,10000825,98.71,1573394341
"829","Supplier B",827,10000826,87.78,4847783453
"830","Supplier B",828,10000827,72.75,5968464885
"831","Supplier B",829,10000828,45.99,6290589998
"832","Supplier B",830,10000829,17.08,2802286805
"833","Supplier B",831,10000830,62.16,8587854905
"834","Supplier B",832,10000831,82.21,4779067435
"835","Supplier B",833,10000832,32.14,5880736482
"836","Supplier B",834,10000833,74.76,2451268985
"837","Supplier B",835,10000834,6.66,8488914280
"838","Supplier B",836,10000835,2.31,6928553729
"839","Supplier B",837,10000836,45.94,2458577487
"840","Supplier B",838,10000837,59.75,8105011885
"841","Supplier B",839,10000838,27.61,6501608562
"842","Supplier B",840,10000839,87.07,3554486817
"843","Supplier B",841,10000840,29.34,9777571846
"844","Supplier B",842,10000841,25.55,6554505489
"845","Supplier B",843,10000842,50.59,3411021302
"846","Supplier B",844,10000843,83.13,4560064605
"847","Supplier B",845,10000844,55.34,2482293589
"848","Supplier B",846,10000845,72.54,4139052441
"849","Supplier B",847,10000846,84.2,6579600786
"850","Supplier B",848,10000847,47.13,2453251523
"851","Supplier B",849,10000848,57.34,6340972258
"852","Supplier B",850,10000849,53.26,3511258951
"853","Supplier B",851,10000850,4.58,7567837953
"854","Supplier B",852,10000851,30.07,7713340079
"855","Supplier B",853,10000852,69.79,5408171094
"856","Supplier B",854,10000853,14.72,7508974509
"857","Supplier B",855,10000854,30.53,3500299427
"858","Supplier B",856,10000855,48.05,3962412488
"859","Supplier B",857,10000856,21.75,1555951601
"860","Supplier B",858,10000857,22.46,1738072584
"861","Supplier B",859,10000858,55.26,3902752379
"862","Supplier B",860,10000859,20.39,4014403284
"863","Supplier B",861,10000860,14.57,8429903171
"864","Supplier B",862,10000861,61.47,2341321164
"865","Supplier B",863,10000862,90.55,3734831423
"866","Supplier B",864,10000863,68.34,2837673484
"867","Supplier B",865,10000864,91.58,7421586746
"868","Supplier B",866,10000865,16.39,7603529694
"869","Supplier B",867,10000866,90.87,7348080404
"870","Supplier B",868,10000867,99.41,7474938645
"871","Supplier B",869,10000868,73.6,7431482040
"872","Supplier B",870,10000869,47.18,3999848097
"873","Supplier B",871,10000870,81.39,4711059767
"874","Supplier B",872,10000871,29.28,3396396803
"875","Supplier B",873,10000872,75.99,7574826952
"876","Supplier B",874,10000873,75.48,8180276156
"877","Supplier B",875,10000874,61.3,2127347753
"878","Supplier B",876,10000875,82.83,1760389196
"879","Supplier B",877,10000876,79.74,5746008739
"880","Supplier B",878,10000877,24.28,4732567113
"881","Supplier B",879,10000878,2.28,5013628136
"882","Supplier B",880,10000879,81.43,5297866888
"883","Supplier B",881,10000880,37.28,9279386860
"884","Supplier B",882,10000881,63.73,5841464936
"885","Supplier B",883,10000882,38.02,9486464441
"886","Supplier B",884,10000883,49.13,7366186467
"887","Supplier B",885,10000884,24.59,7342059954
"888","Supplier B",886,10000885,16.16,5561930096
"889","Supplier B",887,10000886,68.35,3499495517
"890","Supplier B",888,10000887,6.27,8231368979
"891","Supplier B",889,10000888,97.68,2136119268
"892","Supplier B",890,10000889,1.22,4363842638
"893","Supplier B",891,10000890,27.09,8780101478
"894","Supplier B",892,10000891,58.29,4416728948
"895","Supplier B",893,10000892,74.51,5029305686
"896","Supplier B",894,10000893,98.84,9088112406
"897","Supplier B",895,10000894,91.76,4323818130
"898","Supplier B",896,10000895,24.49,7799211973
"899","Supplier B",897,10000896,81.67,5865909409
"900","Supplier B",898,10000897,18.93,4613743935
"901","Supplier B",899,10000898,69.79,5781313529
"902","Supplier B",900,10000899,94.83,8265847400
"903","Supplier B",901,10000900,72.25,6705844503
"904","Supplier B",902,10000901,76.95,8596406660
"905","Supplier B",903,10000902,40.74,9829278569
"906","Supplier B",904,10000903,36.57,3583418426
"907","Supplier B",905,10000904,59.02,4987359568
"908","Supplier B",906,10000905,88.78,3755807541
"909","Supplier B",907,10000906,12.69,9362854086
"910","Supplier B",908,10000907,49.79,2676420600
"911","Supplier B",909,10000908,4.81,1458924640
"912","Supplier B",910,10000909,78.27,6913265471
"913","Supplier B",911,10000910,29.79,2336113068
"914","Supplier B",912,10000911,50.86,9585744206
"915","Supplier B",913,10000912,78.64,8986155153
"916","Supplier B",914,10000913,26.92,8768175455
"917","Supplier B",915,10000914,66.68,9781866839
"918","Supplier B",916,10000915,34.27,6889180614
"919","Supplier B",917,10000916,30.92,9164347436
"920","Supplier B",918,10000917,20.44,6925244966
"921","Supplier B",919,10000918,9.29,8702870765
"922","Supplier B",920,10000919,91.83,2797677876
"923","Supplier B",921,10000920,24.41,9299569446
"924","Supplier B",922,10000921,58.59,1737969619
"925","Supplier B",923,10000922,97.87,7002365058
"926","Supplier B",924,10000923,57.68,7606052023
"927","Supplier B",925,10000924,53.13,2269315074
"928","Supplier B",926,10000925,16.66,6607529799
"929","Supplier B",927,10000926,85.01,2378814185
"930","Supplier B",928,10000927,58.71,6135648101
"931","Supplier B",929,10000928,21.81,5732737058
"932","Supplier B",930,10000929,80.82,2453522563
"933","Supplier B",931,10000930,59.93,1723208650
"934","Supplier B",932,10000931,49.61,5108643079
"935","Supplier B",933,10000932,19.51,1989931743
"936","Supplier B",934,10000933,71.7,3868658891
"937","Supplier B",935,10000934,70.41,3675122448
"938","Supplier B",936,10000935,96.72,5367114958
"939","Supplier B",937,10000936,96.24,7201818366
"940","Supplier B",938,10000937,24.85,8039472490
"941","Supplier B",939,10000938,46.93,1449081477
"942","Supplier B",940,10000939,79.92,8335383623
"943","Supplier B",941,10000940,29.49,5338455291
"944","Supplier B",942,10000941,25.26,6136945346
"945","Supplier B",943,10000942,38.84,1109790272
"946","Supplier B",944,10000943,19.68,4089693001
"947","Supplier B",945,10000944,47.76,9608119840
"948","Supplier B",946,10000945,13.72,9530923701
"949","Supplier B",947,10000946,29.41,8509716100
"950","Supplier B",948,10000947,1.84,7205032441
"951","Supplier B",949,10000948,59.69,5883698668
"952","Supplier B",950,10000949,24.04,6827206663
"953","Supplier B",951,10000950,86.45,8454727459
"954","Supplier B",952,10000951,97.73,7704424165
"955","Supplier B",953,10000952,14.87,4154494350
"956","Supplier B",954,10000953,46.9,4530669683
"957","Supplier B",955,10000954,63.02,3516583156
"958","Supplier B",956,10000955,85.91,5219949521
"959","Supplier B",957,10000956,2.44,4625166463
"960","Supplier B",958,10000957,33.79,4068481986
"961","Supplier B",959,10000958,66.14,9623858324
"962","Supplier B",960,10000959,35.73,5031285211
"963","Supplier B",961,10000960,1.79,8308252014
"964","Supplier B",962,10000961,52.03,7619643165
"965","Supplier B",963,10000962,64.76,3783821620
"966","Supplier B",964,10000963,88.43,5342145673
"967","Supplier B",965,10000964,64.22,9323942416
"968","Supplier B",966,10000965,14.56,8050361427
"969","Supplier B",967,10000966,77.38,7630264286
"970","Supplier B",968,10000967,51.65,9558061222
"971","Supplier B",969,10000968,57.49,7202003462
"972","Supplier B",970,10000969,2.26,4623956661
"973","Supplier B",971,10000970,45.68,5369453142
"974","Supplier B",972,10000971,89.61,2027757822
"975","Supplier B",973,10000972,14.61,5476632943
"976","Supplier B",974,10000973,22.36,3537698550
"977","Supplier B",975,10000974,25.19,9225045135
"978","Supplier B",976,10000975,38.93,7468510798
"979","Supplier B",977,10000976,43.78,7784388074
"980","Supplier B",978,10000977,2.1,7091821844
"981","Supplier B",979,10000978,41.13,3539565303
"982","Supplier B",980,10000979,86.23,8560600352
"983","Supplier B",981,10000980,10.41,8019953489
"984","Supplier B",982,10000981,41.8,8968795417
"985","Supplier B",983,10000982,24.34,9935064698
"986","Supplier B",984,10000983,8.35,2861037610
"987","Supplier B",985,10000984,43.13,1548729746
"988","Supplier B",986,10000985,25.76,4375651196
"989","Supplier B",987,10000986,16.7,6970265863
"990","Supplier B",988,10000987,51.77,7012393676
"991","Supplier B",989,10000988,68.9,6017255289
"992","Supplier B",990,10000989,1.39,5910685401
"993","Supplier B",991,10000990,8.94,1423735469
"994","Supplier B",992,10000991,71.77,2924453800
"995","Supplier B",993,10000992,36.28,3598994094
"996","Supplier B",994,10000993,73.11,7660369384
"997","Supplier B",995,10000994,92.41,1659257945
"998","Supplier B",996,10000995,32.07,7244952899
"999","Supplier B",997,10000996,79.97,5186310914
"1000","Supplier B",998,10000997,48.38,8846067519
"1001","Supplier B",999,10000998,43.26,8154837756
"1002","Supplier B",1000,10000999,80.28,3628638638
"1003","Supplier C",1,10000000,79.33,8036348574
"1004","Supplier C",2,10000001,61.07,7317843609
"1005","Supplier C",3,10000002,56.19,8149375859
"1006","Supplier C",4,10000003,87.87,8413365848
"1007","Supplier C",5,10000004,37.15,6290714699
"1008","Supplier C",6,10000005,22.79,8156962390
"1009","Supplier C",7,10000006,34.19,3083131686
"1010","Supplier C",8,10000007,90.85,4178256288
"1011","Supplier C",9,10000008,39.6,4091498524
"1012","Supplier C",10,10000009,49.97,7830437057
"1013","Supplier C",11,10000010,66.58,4425932521
"1014","Supplier C",12,10000011,64.09,2458295687
"1015","Supplier C",13,10000012,74.95,1690157172
"1016","Supplier C",14,10000013,87.72,3137470102
"1017","Supplier C",15,10000014,59.02,3650306752
"1018","Supplier C",16,10000015,91.22,2672106247
"1019","Supplier C",17,10000016,18.37,5968180291
"1020","Supplier C",18,10000017,88.01,6483564405
"1021","Supplier C",19,10000018,85.09,1563631793
"1022","Supplier C",20,10000019,81.93,5121299927
"1023","Supplier C",21,10000020,32.11,6746567570
"1024","Supplier C",22,10000021,65.87,1665558250
"1025","Supplier C",23,10000022,49.83,7666282817
"1026","Supplier C",24,10000023,49,7352050708
"1027","Supplier C",25,10000024,36.56,5740333481
"1028","Supplier C",26,10000025,11.38,8670776413
"1029","Supplier C",27,10000026,97.56,6897732311
"1030","Supplier C",28,10000027,89.2,2501328680
"1031","Supplier C",29,10000028,41.48,9531656492
"1032","Supplier C",30,10000029,2.02,2266965259
"1033","Supplier C",31,10000030,38.35,9388348732
"1034","Supplier C",32,10000031,18.06,6074522636
"1035","Supplier C",33,10000032,32.24,7471487485
"1036","Supplier C",34,10000033,64.26,5668813183
"1037","Supplier C",35,10000034,5.98,4849340072
"1038","Supplier C",36,10000035,81.29,2457662878
"1039","Supplier C",37,10000036,16.95,6012352546
"1040","Supplier C",38,10000037,99.74,7134717468
"1041","Supplier C",39,10000038,47.15,8991642395
"1042","Supplier C",40,10000039,42,1688030848
"1043","Supplier C",41,10000040,12.77,5944538542
"1044","Supplier C",42,10000041,83.98,5756615064
"1045","Supplier C",43,10000042,2.91,4929743067
"1046","Supplier C",44,10000043,32.55,3902251442
"1047","Supplier C",45,10000044,64.51,7740813511
"1048","Supplier C",46,10000045,75.71,7118435999
"1049","Supplier C",47,10000046,80.73,2359854556
"1050","Supplier C",48,10000047,3.38,7505600101
"1051","Supplier C",49,10000048,32.8,3611145879
"1052","Supplier C",50,10000049,95.19,6908131223
"1053","Supplier C",51,10000050,89.03,5642253080
"1054","Supplier C",52,10000051,27.19,5687151350
"1055","Supplier C",53,10000052,79.04,2001910176
"1056","Supplier C",54,10000053,88.64,7716161862
"1057","Supplier C",55,10000054,23.56,6156469258
"1058","Supplier C",56,10000055,71.17,1345904364
"1059","Supplier C",57,10000056,60.06,5007962140
"1060","Supplier C",58,10000057,94.9,5378671707
"1061","Supplier C",59,10000058,26.49,1213754729
"1062","Supplier C",60,10000059,90.06,2354532887
"1063","Supplier C",61,10000060,14.01,6606385487
"1064","Supplier C",62,10000061,65.91,3347696171
"1065","Supplier C",63,10000062,73.34,9581087338
"1066","Supplier C",64,10000063,43.56,8027625665
"1067","Supplier C",65,10000064,96.04,7388888530
"1068","Supplier C",66,10000065,54.72,9467867557
"1069","Supplier C",67,10000066,66.95,9192035893
"1070","Supplier C",68,10000067,53.67,3136942618
"1071","Supplier C",69,10000068,44.56,7714716756
"1072","Supplier C",70,10000069,50.82,9732644903
"1073","Supplier C",71,10000070,57.79,7884099655
"1074","Supplier C",72,10000071,16.85,7566756156
"1075","Supplier C",73,10000072,25.08,9209448599
"1076","Supplier C",74,10000073,71.45,1042969595
"1077","Supplier C",75,10000074,46.24,6882079673
"1078","Supplier C",76,10000075,65.92,3253039267
"1079","Supplier C",77,10000076,44.98,1397145409
"1080","Supplier C",78,10000077,46.31,6880589317
"1081","Supplier C",79,10000078,83.58,9196591575
"1082","Supplier C",80,10000079,52.86,8835656706
"1083","Supplier C",81,10000080,35.24,9602317895
"1084","Supplier C",82,10000081,72.84,6020893808
"1085","Supplier C",83,10000082,64.96,2510141923
"1086","Supplier C",84,10000083,24,9450330305
"1087","Supplier C",85,10000084,28.99,2745882315
"1088","Supplier C",86,10000085,83.11,4496778624
"1089","Supplier C",87,10000086,27.1,3357914178
"1090","Supplier C",88,10000087,25.67,5626342047
"1091","Supplier C",89,10000088,67.61,7445846598
"1092","Supplier C",90,10000089,7.73,3388205846
"1093","Supplier C",91,10000090,90.94,9160810403
"1094","Supplier C",92,10000091,89.34,9349052943
"1095","Supplier C",93,10000092,99.62,2599441777
"1096","Supplier C",94,10000093,74.67,1469593708
"1097","Supplier C",95,10000094,8.74,8195084049
"1098","Supplier C",96,10000095,84.09,8212314502
"1099","Supplier C",97,10000096,94.03,6026850224
"1100","Supplier C",98,10000097,36.04,4535220596
"1101","Supplier C",99,10000098,41.83,9787384368
"1102","Supplier C",100,10000099,12.71,4834165559
"1103","Supplier C",101,10000100,31.94,2152168383
"1104","Supplier C",102,10000101,87.54,6222677965
"1105","Supplier C",103,10000102,33.11,1797838864
"1106","Supplier C",104,10000103,19.5,7477451502
"1107","Supplier C",105,10000104,71.85,7962016721
"1108","Supplier C",106,10000105,31.03,2928792348
"1109","Supplier C",107,10000106,76.73,5902396742
"1110","Supplier C",108,10000107,25.23,7413788610
"1111","Supplier C",109,10000108,53.15,2649409709
"1112","Supplier C",110,10000109,52.94,6700847346
"1113","Supplier C",111,10000110,55.13,5012497940
"1114","Supplier C",112,10000111,52.46,8418674901
"1115","Supplier C",113,10000112,24.26,3295356967
"1116","Supplier C",114,10000113,70.78,1904450661
"1117","Supplier C",115,10000114,40.52,3844387936
"1118","Supplier C",116,10000115,91.51,4068172671
"1119","Supplier C",117,10000116,70.79,2042747292
"1120","Supplier C",118,10000117,39.74,8228080510
"1121","Supplier C",119,10000118,63.74,9591975706
"1122","Supplier C",120,10000119,92.82,6759925115
"1123","Supplier C",121,10000120,94.42,1482637509
"1124","Supplier C",122,10000121,62.13,6742196594
"1125","Supplier C",123,10000122,97.99,5273065127
"1126","Supplier C",124,10000123,32.36,2246658022
"1127","Supplier C",125,10000124,40.75,1041539547
"1128","Supplier C",126,10000125,83.32,6828099530
"1129","Supplier C",127,10000126,15.66,9713447805
"1130","Supplier C",128,10000127,95.7,7046608603
"1131","Supplier C",129,10000128,49.65,8449102043
"1132","Supplier C",130,10000129,48.48,8524398465
"1133","Supplier C",131,10000130,95.19,2010041912
"1134","Supplier C",132,10000131,1.92,4894583532
"1135","Supplier C",133,10000132,84.9,3853680340
"1136","Supplier C",134,10000133,42.81,2013488274
"1137","Supplier C",135,10000134,93.04,9418014882
"1138","Supplier C",136,10000135,90.91,4196336004
"1139","Supplier C",137,10000136,17.31,1818572138
"1140","Supplier C",138,10000137,82.63,8256022407
"1141","Supplier C",139,10000138,8.41,5096583153
"1142","Supplier C",140,10000139,11.58,3286779627
"1143","Supplier C",141,10000140,92.18,9047085730
"1144","Supplier C",142,10000141,7.2,8026790967
"1145","Supplier C",143,10000142,82.01,9524838613
"1146","Supplier C",144,10000143,66.36,2688343216
"1147","Supplier C",145,10000144,8.37,7863251001
"1148","Supplier C",146,10000145,39.12,5016415135
"1149","Supplier C",147,10000146,56.03,5782509092
"1150","Supplier C",148,10000147,24.3,6978847891
"1151","Supplier C",149,10000148,76.85,3778593111
"1152","Supplier C",150,10000149,39.84,3738620353
"1153","Supplier C",151,10000150,74.19,7707638247
"1154","Supplier C",152,10000151,24.52,1155220518
"1155","Supplier C",153,10000152,41.44,8317896844
"1156","Supplier C",154,10000153,93.4,2047711383
"1157","Supplier C",155,10000154,87.6,8132953574
"1158","Supplier C",156,10000155,31.14,8083137587
"1159","Supplier C",157,10000156,87.56,7188297619
"1160","Supplier C",158,10000157,18.17,8565454943
"1161","Supplier C",159,10000158,7.3,5513527196
"1162","Supplier C",160,10000159,35.48,2037639894
"1163","Supplier C",161,10000160,95.31,1630972304
"1164","Supplier C",162,10000161,13.85,3232984690
"1165","Supplier C",163,10000162,88.04,2010356182
"1166","Supplier C",164,10000163,45.57,4891108827
"1167","Supplier C",165,10000164,98.53,4125323565
"1168","Supplier C",166,10000165,32.13,7021915020
"1169","Supplier C",167,10000166,11.28,2335726512
"1170","Supplier C",168,10000167,1.78,6527041872
"1171","Supplier C",169,10000168,77.69,3156167199
"1172","Supplier C",170,10000169,2.12,7164562800
"1173","Supplier C",171,10000170,31.28,1618586695
"1174","Supplier C",172,10000171,57.06,3469759663
"1175","Supplier C",173,10000172,6.53,6588147242
"1176","Supplier C",174,10000173,17.2,9081095662
"1177","Supplier C",175,10000174,43.61,1282819912
"1178","Supplier C",176,10000175,95.41,9761310822
"1179","Supplier C",177,10000176,48.81,7933549256
"1180","Supplier C",178,10000177,42.71,6881504538
"1181","Supplier C",179,10000178,36.55,8182927026
"1182","Supplier C",180,10000179,36.27,3655372465
"1183","Supplier C",181,10000180,9.27,7218263597
"1184","Supplier C",182,10000181,55.38,6737863355
"1185","Supplier C",183,10000182,69.05,1006800038
"1186","Supplier C",184,10000183,36.41,4369251112
"1187","Supplier C",185,10000184,53.69,3155160958
"1188","Supplier C",186,10000185,86.72,4393919688
"1189","Supplier C",187,10000186,2.61,7622067124
"1190","Supplier C",188,10000187,83.64,9207220770
"1191","Supplier C",189,10000188,76.95,6571438799
"1192","Supplier C",190,10000189,56.15,3433912843
"1193","Supplier C",191,10000190,63.27,1128650895
"1194","Supplier C",192,10000191,64.45,5706854719
"1195","Supplier C",193,10000192,25.88,9858280439
"1196","Supplier C",194,10000193,84.63,6636863432
"1197","Supplier C",195,10000194,74.45,4981900609
"1198","Supplier C",196,10000195,8.37,9477579083
"1199","Supplier C",197,10000196,27.13,7848185113
"1200","Supplier C",198,10000197,24.76,1728522029
"1201","Supplier C",199,10000198,86.46,2376524688
"1202","Supplier C",200,10000199,52.05,7412918639
"1203","Supplier C",201,10000200,15.38,1575152943
"1204","Supplier C",202,10000201,44.46,1077656563
"1205","Supplier C",203,10000202,99.26,5515560539
"1206","Supplier C",204,10000203,96.78,4150871945
"1207","Supplier C",205,10000204,91.44,5469133596
"1208","Supplier C",206,10000205,70.66,6189321455
"1209","Supplier C",207,10000206,1.25,4509904899
"1210","Supplier C",208,10000207,62.08,8527183618
"1211","Supplier C",209,10000208,85.25,9118579591
"1212","Supplier C",210,10000209,77.84,8658801160
"1213","Supplier C",211,10000210,16.1,5185202217
"1214","Supplier C",212,10000211,22.01,8768283898
"1215","Supplier C",213,10000212,22.06,4152888173
"1216","Supplier C",214,10000213,70.68,4725911449
"1217","Supplier C",215,10000214,61.01,7872542861
"1218","Supplier C",216,10000215,45.37,3158330939
"1219","Supplier C",217,10000216,26.13,2023082782
"1220","Supplier C",218,10000217,75.48,3423679806
"1221","Supplier C",219,10000218,18.87,4460197612
"1222","Supplier C",220,10000219,46.46,8702959893
"1223","Supplier C",221,10000220,99.55,6404308558
"1224","Supplier C",222,10000221,95.6,3851879361
"1225","Supplier C",223,10000222,60.73,7900473044
"1226","Supplier C",224,10000223,7.74,5015706954
"1227","Supplier C",225,10000224,62.58,3830659502
"1228","Supplier C",226,10000225,87.17,9104796117
"1229","Supplier C",227,10000226,90.42,1927828571
"1230","Supplier C",228,10000227,7.11,8563164838
"1231","Supplier C",229,10000228,57.59,2060661165
"1232","Supplier C",230,10000229,26.48,7364284585
"1233","Supplier C",231,10000230,30.38,6658468585
"1234","Supplier C",232,10000231,46.32,8105422646
"1235","Supplier C",233,10000232,85.16,8621005372
"1236","Supplier C",234,10000233,28.9,4804364959
"1237","Supplier C",235,10000234,62.22,8629204491
"1238","Supplier C",236,10000235,89.97,1719625225
"1239","Supplier C",237,10000236,53.36,9203046552
"1240","Supplier C",238,10000237,11.45,3236552322
"1241","Supplier C",239,10000238,96.04,9983212050
"1242","Supplier C",240,10000239,10.51,3800262356
"1243","Supplier C",241,10000240,59.09,2840051988
"1244","Supplier C",242,10000241,93.24,7121407844
"1245","Supplier C",243,10000242,45.4,3132121201
"1246","Supplier C",244,10000243,28.09,5722981453
"1247","Supplier C",245,10000244,96,6476094124
"1248","Supplier C",246,10000245,2.06,8338541063
"1249","Supplier C",247,10000246,75.76,5609860646
"1250","Supplier C",248,10000247,16.45,1707485766
"1251","Supplier C",249,10000248,77.67,8585347733
"1252","Supplier C",250,10000249,17.83,1013926650
"1253","Supplier C",251,10000250,13.48,4543005413
"1254","Supplier C",252,10000251,7.45,9932127488
"1255","Supplier C",253,10000252,36.91,3140158585
"1256","Supplier C",254,10000253,76.09,3298859876
"1257","Supplier C",255,10000254,44.17,2965825754
"1258","Supplier C",256,10000255,52.11,2722503749
"1259","Supplier C",257,10000256,24.84,2049740459
"1260","Supplier C",258,10000257,64.84,3629142232
"1261","Supplier C",259,10000258,18.22,3408613460
"1262","Supplier C",260,10000259,15.57,5032027485
"1263","Supplier C",261,10000260,36.38,4068087090
"1264","Supplier C",262,10000261,18.42,7231890467
"1265","Supplier C",263,10000262,71.26,5797804239
"1266","Supplier C",264,10000263,54.65,9778049726
"1267","Supplier C",265,10000264,11.55,8080493054
"1268","Supplier C",266,10000265,2.38,3751277325
"1269","Supplier C",267,10000266,65.48,8094475270
"1270","Supplier C",268,10000267,4.97,6961133532
"1271","Supplier C",269,10000268,74.6,4436149962
"1272","Supplier C",270,10000269,21.13,4946095732
"1273","Supplier C",271,10000270,23.8,9051163791
"1274","Supplier C",272,10000271,25.91,7828537683
"1275","Supplier C",273,10000272,69.65,8553253877
"1276","Supplier C",274,10000273,8.81,8661319135
"1277","Supplier C",275,10000274,43.67,1386069072
"1278","Supplier C",276,10000275,39.26,3471532454
"1279","Supplier C",277,10000276,36.6,7112286168
"1280","Supplier C",278,10000277,56.73,7409905382
"1281","Supplier C",279,10000278,43.12,2027797597
"1282","Supplier C",280,10000279,67.12,5947305544
"1283","Supplier C",281,10000280,62.53,5262369055
"1284","Supplier C",282,10000281,81.79,2326721152
"1285","Supplier C",283,10000282,12.99,3315090327
"1286","Supplier C",284,10000283,47.23,6929209869
"1287","Supplier C",285,10000284,21.79,2731191172
"1288","Supplier C",286,10000285,68.96,1074844973
"1289","Supplier C",287,10000286,58.97,5108165277
"1290","Supplier C",288,10000287,26.77,5700366347
"1291","Supplier C",289,10000288,96.81,8449151868
"1292","Supplier C",290,10000289,17.29,1921734740
"1293","Supplier C",291,10000290,80.35,9228931913
"1294","Supplier C",292,10000291,14.98,6935611453
"1295","Supplier C",293,10000292,16.58,1293818121
"1296","Supplier C",294,10000293,65.01,2380444796
"1297","Supplier C",295,10000294,32.81,5271728268
"1298","Supplier C",296,10000295,75.74,1201791743
"1299","Supplier C",297,10000296,25.45,6027593476
"1300","Supplier C",298,10000297,21.41,3770608259
"1301","Supplier C",299,10000298,56.84,3531055189
"1302","Supplier C",300,10000299,20.19,3299198489
"1303","Supplier C",301,10000300,81.91,8897262729
"1304","Supplier C",302,10000301,72.88,1337255918
"1305","Supplier C",303,10000302,83.04,9632024542
"1306","Supplier C",304,10000303,47.64,2516019133
"1307","Supplier C",305,10000304,28.67,9891116611
"1308","Supplier C",306,10000305,68.77,2041979700
"1309","Supplier C",307,10000306,17.1,8837281904
"1310","Supplier C",308,10000307,65.38,5983046600
"1311","Supplier C",309,10000308,65.13,9674880987
"1312","Supplier C",310,10000309,50.71,4921165309
"1313","Supplier C",311,10000310,16.91,1085033706
"1314","Supplier C",312,10000311,10.33,8177080960
"1315","Supplier C",313,10000312,2.99,8046387783
"1316","Supplier C",314,10000313,77.53,7458428015
"1317","Supplier C",315,10000314,60.33,2595257233
"1318","Supplier C",316,10000315,40.19,8347831838
"1319","Supplier C",317,10000316,89.13,4105357299
"1320","Supplier C",318,10000317,49.81,2799880357
"1321","Supplier C",319,10000318,74.52,1464517576
"1322","Supplier C",320,10000319,90.86,3869715354
"1323","Supplier C",321,10000320,71.74,4849794792
"1324","Supplier C",322,10000321,90.62,9585677037
"1325","Supplier C",323,10000322,93.97,5525981627
"1326","Supplier C",324,10000323,47.81,8251277064
"1327","Supplier C",325,10000324,1.21,1726869876
"1328","Supplier C",326,10000325,9.56,1196593023
"1329","Supplier C",327,10000326,86.97,5842473737
"1330","Supplier C",328,10000327,93.75,8217724596
"1331","Supplier C",329,10000328,45.66,3484851989
"1332","Supplier C",330,10000329,24.95,2932824921
"1333","Supplier C",331,10000330,85.22,3303760247
"1334","Supplier C",332,10000331,2.07,7802229923
"1335","Supplier C",333,10000332,48.77,7286448256
"1336","Supplier C",334,10000333,11.19,7959176554
"1337","Supplier C",335,10000334,20.84,4898871763
"1338","Supplier C",336,10000335,88.15,8619693555
"1339","Supplier C",337,10000336,14.64,5039573589
"1340","Supplier C",338,10000337,88.29,4248358830
"1341","Supplier C",339,10000338,73.43,4763587791
"1342","Supplier C",340,10000339,89.79,4052778120
"1343","Supplier C",341,10000340,63.3,8269859171
"1344","Supplier C",342,10000341,90.97,2178565673
"1345","Supplier C",343,10000342,66.34,3509031939
"1346","Supplier C",344,10000343,72.79,8054894740
"1347","Supplier C",345,10000344,31.56,8735871522
"1348","Supplier C",346,10000345,94.75,4342229730
"1349","Supplier C",347,10000346,44.93,9153292836
"1350","Supplier C",348,10000347,27.19,3261130566
"1351","Supplier C",349,10000348,68.31,5887540355
"1352","Supplier C",350,10000349,16.07,9501528704
"1353","Supplier C",351,10000350,55.3,2010645597
"1354","Supplier C",352,10000351,53.66,3887519806
"1355","Supplier C",353,10000352,19.92,1371509296
"1356","Supplier C",354,10000353,55.04,7101683211
"1357","Supplier C",355,10000354,12.8,9859025317
"1358","Supplier C",356,10000355,46.45,2267919096
"1359","Supplier C",357,10000356,42.53,1522914820
"1360","Supplier C",358,10000357,22.98,6753855232
"1361","Supplier C",359,10000358,92.14,5860272953
"1362","Supplier C",360,10000359,67.8,1015645217
"1363","Supplier C",361,10000360,64.8,3339248111
"1364","Supplier C",362,10000361,23.97,8973435407
"1365","Supplier C",363,10000362,91.29,3469163902
"1366","Supplier C",364,10000363,35.63,5418671017
"1367","Supplier C",365,10000364,89.77,8572098057
"1368","Supplier C",366,10000365,81.35,2987844762
"1369","Supplier C",367,10000366,6,2302827182
"1370","Supplier C",368,10000367,82.81,5959382260
"1371","Supplier C",369,10000368,51.71,7605115539
"1372","Supplier C",370,10000369,74.47,2338763525
"1373","Supplier C",371,10000370,2.73,2226593277
"1374","Supplier C",372,10000371,97.72,3219354031
"1375","Supplier C",373,10000372,51.86,6386142473
"1376","Supplier C",374,10000373,33.93,7154538728
"1377","Supplier C",375,10000374,30.73,4813870014
"1378","Supplier C",376,10000375,89.62,4504440724
"1379","Supplier C",377,10000376,17.83,8719650194
"1380","Supplier C",378,10000377,7.53,8106897477
"1381","Supplier C",379,10000378,75.5,3732739443
"1382","Supplier C",380,10000379,55.77,1550736275
"1383","Supplier C",381,10000380,13.57,6660529478
"1384","Supplier C",382,10000381,95.31,6476396601
"1385","Supplier C",383,10000382,61.19,3785890340
"1386","Supplier C",384,10000383,21.26,4389768470
"1387","Supplier C",385,10000384,42.07,6756960792
"1388","Supplier C",386,10000385,36.22,7019561498
"1389","Supplier C",387,10000386,96.82,2426322722
"1390","Supplier C",388,10000387,7.76,3154996623
"1391","Supplier C",389,10000388,35.65,7317759827
"1392","Supplier C",390,10000389,26.14,4080859970
"1393","Supplier C",391,10000390,21.94,4683136503
"1394","Supplier C",392,10000391,11.72,7589458703
"1395","Supplier C",393,10000392,88.93,7139266014
"1396","Supplier C",394,10000393,39.22,5447837814
"1397","Supplier C",395,10000394,86.29,9025511082
"1398","Supplier C",396,10000395,37.4,6688926359
"1399","Supplier C",397,10000396,64.72,9257162130
"1400","Supplier C",398,10000397,47.56,3760889737
"1401","Supplier C",399,10000398,33.72,2394171908
"1402","Supplier C",400,10000399,65.01,3033184948
"1403","Supplier C",401,10000400,55.11,2539684253
"1404","Supplier C",402,10000401,8.24,6889990043
"1405","Supplier C",403,10000402,6.96,7686961002
"1406","Supplier C",404,10000403,22.42,8648423778
"1407","Supplier C",405,10000404,33.35,7437605736
"1408","Supplier C",406,10000405,85.86,9897759271
"1409","Supplier C",407,10000406,74.73,6715340187
"1410","Supplier C",408,10000407,40.01,3120766943
"1411","Supplier C",409,10000408,79.86,1148067471
"1412","Supplier C",410,10000409,50.48,8048095948
"1413","Supplier C",411,10000410,81.44,1100417018
"1414","Supplier C",412,10000411,64.87,2802803356
"1415","Supplier C",413,10000412,81.26,4235923325
"1416","Supplier C",414,10000413,4.01,7292965129
"1417","Supplier C",415,10000414,1,4466026148
"1418","Supplier C",416,10000415,34.46,9177087745
"1419","Supplier C",417,10000416,13.86,9397793563
"1420","Supplier C",418,10000417,27.78,5850782509
"1421","Supplier C",419,10000418,94.66,2422534468
"1422","Supplier C",420,10000419,91.91,4947744171
"1423","Supplier C",421,10000420,20.52,7050562876
"1424","Supplier C",422,10000421,93.42,2645382453
"1425","Supplier C",423,10000422,91.47,6780592359
"1426","Supplier C",424,10000423,83.69,7467646239
"1427","Supplier C",425,10000424,14.78,3483028508
"1428","Supplier C",426,10000425,10.72,4936654251
"1429","Supplier C",427,10000426,80.3,5721728139
"1430","Supplier C",428,10000427,5.3,8968857253
"1431","Supplier C",429,10000428,94.76,1035503348
"1432","Supplier C",430,10000429,7.36,9909140223
"1433","Supplier C",431,10000430,78.79,2527724007
"1434","Supplier C",432,10000431,68.8,4523725741
"1435","Supplier C",433,10000432,47.02,1669414077
"1436","Supplier C",434,10000433,90.27,9686992258
"1437","Supplier C",435,10000434,85.73,5306455334
"1438","Supplier C",436,10000435,21.76,1497066168
"1439","Supplier C",437,10000436,53.02,9545071510
"1440","Supplier C",438,10000437,81.09,1074568329
"1441","Supplier C",439,10000438,8.29,2849789537
"1442","Supplier C",440,10000439,31.12,1958961871
"1443","Supplier C",441,10000440,35.11,5214479959
"1444","Supplier C",442,10000441,5.43,3586147223
"1445","Supplier C",443,10000442,54.76,1551861898
"1446","Supplier C",444,10000443,86.02,5787608982
"1447","Supplier C",445,10000444,5.98,9908987430
"1448","Supplier C",446,10000445,75.31,4854260744
"1449","Supplier C",447,10000446,35.83,5744751419
"1450","Supplier C",448,10000447,75.88,1389067135
"1451","Supplier C",449,10000448,48.48,5844829313
"1452","Supplier C",450,10000449,34.61,9265739177
"1453","Supplier C",451,10000450,20.38,5966521757
"1454","Supplier C",452,10000451,83.16,4820451558
"1455","Supplier C",453,10000452,21.86,8359457275
"1456","Supplier C",454,10000453,31.08,7437796293
"1457","Supplier C",455,10000454,44.3,9904798415
"1458","Supplier C",456,10000455,47.3,7590957169
"1459","Supplier C",457,10000456,16.19,5198713666
"1460","Supplier C",458,10000457,68.51,6812622654
"1461","Supplier C",459,10000458,15.18,6565467796
"1462","Supplier C",460,10000459,89.9,7487023195
"1463","Supplier C",461,10000460,22.9,1030709704
"1464","Supplier C",462,10000461,76.35,2312927985
"1465","Supplier C",463,10000462,89.97,4568933187
"1466","Supplier C",464,10000463,47.75,8327927306
"1467","Supplier C",465,10000464,85.15,8251570570
"1468","Supplier C",466,10000465,91.77,3769574546
"1469","Supplier C",467,10000466,97.73,2480657797
"1470","Supplier C",468,10000467,91.14,7679422466
"1471","Supplier C",469,10000468,63.48,7540736503
"1472","Supplier C",470,10000469,45.09,2001450483
"1473","Supplier C",471,10000470,92.63,9418235643
"1474","Supplier C",472,10000471,94.27,2449437701
"1475","Supplier C",473,10000472,79.67,3351085424
"1476","Supplier C",474,10000473,92.93,3314385523
"1477","Supplier C",475,10000474,77.98,7471638059
"1478","Supplier C",476,10000475,30.53,5122943516
"1479","Supplier C",477,10000476,98.67,4101497040
"1480","Supplier C",478,10000477,74.15,3124797090
"1481","Supplier C",479,10000478,68.38,8208705360
"1482","Supplier C",480,10000479,7.92,4073866741
"1483","Supplier C",481,10000480,31.53,9887820927
"1484","Supplier C",482,10000481,76.5,5219286722
"1485","Supplier C",483,10000482,43.74,3270730825
"1486","Supplier C",484,10000483,4.88,8049087139
"1487","Supplier C",485,10000484,2.38,4415934718
"1488","Supplier C",486,10000485,20,3080942879
"1489","Supplier C",487,10000486,63.54,4705541809
"1490","Supplier C",488,10000487,44.9,5938629201
"1491","Supplier C",489,10000488,50.63,5489346441
"1492","Supplier C",490,10000489,44.86,9320988687
"1493","Supplier C",491,10000490,91.17,3981070608
"1494","Supplier C",492,10000491,48.95,9854332170
"1495","Supplier C",493,10000492,39.27,8191486523
"1496","Supplier C",494,10000493,9.99,9122567669
"1497","Supplier C",495,10000494,3.35,6273479662
"1498","Supplier C",496,10000495,76.46,1985623128
"1499","Supplier C",497,10000496,45.04,3782747212
"1500","Supplier C",498,10000497,48.25,8161079491
"1501","Supplier C",499,10000498,81.88,9445917040
"1502","Supplier C",500,10000499,10.77,4400209552
"1503","Supplier C",501,10000500,59.14,9943241762
"1504","Supplier C",502,10000501,61.12,5173021532
"1505","Supplier C",503,10000502,75.87,3651645731
"1506","Supplier C",504,10000503,22.15,8808978398
"1507","Supplier C",505,10000504,63.18,5045699988
"1508","Supplier C",506,10000505,93.74,9431495350
"1509","Supplier C",507,10000506,68.6,7611673127
"1510","Supplier C",508,10000507,16.38,3326358559
"1511","Supplier C",509,10000508,21.52,9991306007
"1512","Supplier C",510,10000509,36.3,7737467723
"1513","Supplier C",511,10000510,84.52,8148949345
"1514","Supplier C",512,10000511,17.71,8235471356
"1515","Supplier C",513,10000512,94.66,7102598762
"1516","Supplier C",514,10000513,87.5,4524607247
"1517","Supplier C",515,10000514,56.09,4858846289
"1518","Supplier C",516,10000515,82.82,7624542334
"1519","Supplier C",517,10000516,54.15,5848442578
"1520","Supplier C",518,10000517,99.37,4877010896
"1521","Supplier C",519,10000518,97.59,2718705783
"1522","Supplier C",520,10000519,73.34,5420708420
"1523","Supplier C",521,10000520,24.64,3998760990
"1524","Supplier C",522,10000521,38.91,6038424699
"1525","Supplier C",523,10000522,41.89,7195867983
"1526","Supplier C",524,10000523,53.52,8229768822
"1527","Supplier C",525,10000524,23.61,8094892394
"1528","Supplier C",526,10000525,90.56,5986627052
"1529","Supplier C",527,10000526,37.56,7096735061
"1530","Supplier C",528,10000527,68.34,2215539992
"1531","Supplier C",529,10000528,7.35,9445733617
"1532","Supplier C",530,10000529,37.15,5981375171
"1533","Supplier C",531,10000530,70.94,3465519062
"1534","Supplier C",532,10000531,94.02,9159372590
"1535","Supplier C",533,10000532,85.04,5102330737
"1536","Supplier C",534,10000533,30.01,4205635326
"1537","Supplier C",535,10000534,29.13,4603683884
"1538","Supplier C",536,10000535,8.86,6657517945
"1539","Supplier C",537,10000536,84.93,9487854794
"1540","Supplier C",538,10000537,81.62,8689889145
"1541","Supplier C",539,10000538,3.77,8221069313
"1542","Supplier C",540,10000539,82.58,3175064265
"1543","Supplier C",541,10000540,41.25,5985378506
"1544","Supplier C",542,10000541,96.92,9333861113
"1545","Supplier C",543,10000542,17.07,5548660449
"1546","Supplier C",544,10000543,21.82,4988879315
"1547","Supplier C",545,10000544,48.38,9586948541
"1548","Supplier C",546,10000545,35.73,3450578822
"1549","Supplier C",547,10000546,55.47,2121281489
"1550","Supplier C",548,10000547,37.98,8572854755
"1551","Supplier C",549,10000548,78.88,8343830920
"1552","Supplier C",550,10000549,65.67,4194730274
"1553","Supplier C",551,10000550,48.77,9811417931
"1554","Supplier C",552,10000551,55.09,1423664703
"1555","Supplier C",553,10000552,7.89,9506294351
"1556","Supplier C",554,10000553,9.74,2849161556
"1557","Supplier C",555,10000554,30.5,4772340001
"1558","Supplier C",556,10000555,34.64,5759889740
"1559","Supplier C",557,10000556,8.37,5758821935
"1560","Supplier C",558,10000557,85.88,9113899963
"1561","Supplier C",559,10000558,7.15,8465559469
"1562","Supplier C",560,10000559,12.25,5947716995
"1563","Supplier C",561,10000560,28.62,9609798822
"1564","Supplier C",562,10000561,99.46,5789183040
"1565","Supplier C",563,10000562,21.6,3756241740
"1566","Supplier C",564,10000563,84.88,5620772224
"1567","Supplier C",565,10000564,72.01,5133880770
"1568","Supplier C",566,10000565,68.37,1281609079
"1569","Supplier C",567,10000566,63.95,8719035156
"1570","Supplier C",568,10000567,44.94,3499080154
"1571","Supplier C",569,10000568,57.9,8665904692
"1572","Supplier C",570,10000569,67.66,9860005044
"1573","Supplier C",571,10000570,72.99,3030993043
"1574","Supplier C",572,10000571,54.93,2453021357
"1575","Supplier C",573,10000572,50.2,4697951904
"1576","Supplier C",574,10000573,44.63,8960109167
"1577","Supplier C",575,10000574,88.04,6966676058
"1578","Supplier C",576,10000575,22.51,6460533625
"1579","Supplier C",577,10000576,66.03,1953215092
"1580","Supplier C",578,10000577,98.21,6117155490
"1581","Supplier C",579,10000578,38.06,2291188839
"1582","Supplier C",580,10000579,66.82,1799654739
"1583","Supplier C",581,10000580,75.26,9833573975
"1584","Supplier C",582,10000581,54.73,4469007084
"1585","Supplier C",583,10000582,58.4,4046491719
"1586","Supplier C",584,10000583,28.68,7527292121
"1587","Supplier C",585,10000584,30.42,1471540491
"1588","Supplier C",586,10000585,69.46,8952217389
"1589","Supplier C",587,10000586,51.67,7838553991
"1590","Supplier C",588,10000587,80.22,9098630693
"1591","Supplier C",589,10000588,43.61,2801187053
"1592","Supplier C",590,10000589,24.97,5305009253
"1593","Supplier C",591,10000590,78.1,1384753925
"1594","Supplier C",592,10000591,18.69,9498170564
"1595","Supplier C",593,10000592,39.13,8665045498
"1596","Supplier C",594,10000593,4.04,7116700007
"1597","Supplier C",595,10000594,91.75,8548163607
"1598","Supplier C",596,10000595,53.02,5788284792
"1599","Supplier C",597,10000596,80.67,4280643445
"1600","Supplier C",598,10000597,78.2,4737684285
"1601","Supplier C",599,10000598,2.91,4028191810
"1602","Supplier C",600,10000599,39.33,7094046199
"1603","Supplier C",601,10000600,68.99,7901865727
"1604","Supplier C",602,10000601,78.12,1322837280
"1605","Supplier C",603,10000602,88.03,7247741796
"1606","Supplier C",604,10000603,64.29,5944479470
"1607","Supplier C",605,10000604,75.57,1675648121
"1608","Supplier C",606,10000605,94.67,9693145558
"1609","Supplier C",607,10000606,25.66,6363881392
"1610","Supplier C",608,10000607,83.99,8314273622
"1611","Supplier C",609,10000608,2.28,5621989671
"1612","Supplier C",610,10000609,86.9,5839094881
"1613","Supplier C",611,10000610,2.98,9870505039
"1614","Supplier C",612,10000611,16.11,6010473078
"1615","Supplier C",613,10000612,11.91,6791852335
"1616","Supplier C",614,10000613,31.77,2085553681
"1617","Supplier C",615,10000614,86.6,9719046818
"1618","Supplier C",616,10000615,10.79,8921406798
"1619","Supplier C",617,10000616,36.25,9492403010
"1620","Supplier C",618,10000617,20.32,2561543101
"1621","Supplier C",619,10000618,9.86,6646628907
"1622","Supplier C",620,10000619,74.25,3734878115
"1623","Supplier C",621,10000620,4.29,4938443542
"1624","Supplier C",622,10000621,59.57,1685132859
"1625","Supplier C",623,10000622,39.79,4281498611
"1626","Supplier C",624,10000623,13.77,4473530916
"1627","Supplier C",625,10000624,90.32,5772981021
"1628","Supplier C",626,10000625,80.79,4211069973
"1629","Supplier C",627,10000626,92.5,6862306951
"1630","Supplier C",628,10000627,96.51,7877293927
"1631","Supplier C",629,10000628,64.09,1900323845
"1632","Supplier C",630,10000629,7.83,1282413978
"1633","Supplier C",631,10000630,52.34,6599300997
"1634","Supplier C",632,10000631,44.31,5547630870
"1635","Supplier C",633,10000632,36.83,1969826035
"1636","Supplier C",634,10000633,96.95,1598084548
"1637","Supplier C",635,10000634,42.76,4701310512
"1638","Supplier C",636,10000635,54.78,6196635324
"1639","Supplier C",637,10000636,32.88,4959466665
"1640","Supplier C",638,10000637,73.36,8648185040
"1641","Supplier C",639,10000638,16.97,8796911100
"1642","Supplier C",640,10000639,36.29,7170946026
"1643","Supplier C",641,10000640,98.91,2840040015
"1644","Supplier C",642,10000641,77.2,8867781566
"1645","Supplier C",643,10000642,92.45,8709611803
"1646","Supplier C",644,10000643,16.54,2083068233
"1647","Supplier C",645,10000644,13.9,4914103461
"1648","Supplier C",646,10000645,71.29,2983079742
"1649","Supplier C",647,10000646,2.1,7331308560
"1650","Supplier C",648,10000647,13.68,2727254047
"1651","Supplier C",649,10000648,87.87,6772944655
"1652","Supplier C",650,10000649,64.91,5546842547
"1653","Supplier C",651,10000650,5.74,8865418151
"1654","Supplier C",652,10000651,78.47,2433156084
"1655","Supplier C",653,10000652,6.76,4099791098
"1656","Supplier C",654,10000653,26.45,3507724327
"1657","Supplier C",655,10000654,36.76,4416504948
"1658","Supplier C",656,10000655,21.65,7424128812
"1659","Supplier C",657,10000656,83.04,7964423975
"1660","Supplier C",658,10000657,39.52,4061861731
"1661","Supplier C",659,10000658,39.64,1306413497
"1662","Supplier C",660,10000659,26.11,6225693885
"1663","Supplier C",661,10000660,21.59,6642903130
"1664","Supplier C",662,10000661,74.69,8323940135
"1665","Supplier C",663,10000662,19.52,7251726614
"1666","Supplier C",664,10000663,4.62,9654554233
"1667","Supplier C",665,10000664,92.56,3541836956
"1668","Supplier C",666,10000665,38.4,3076585775
"1669","Supplier C",667,10000666,54.29,2661626451
"1670","Supplier C",668,10000667,30.08,8769943495
"1671","Supplier C",669,10000668,15.66,6068552576
"1672","Supplier C",670,10000669,46.26,4606332908
"1673","Supplier C",671,10000670,86.47,7586594603
"1674","Supplier C",672,10000671,59,5979709498
"1675","Supplier C",673,10000672,94.12,1035494730
"1676","Supplier C",674,10000673,88.2,3752924700
"1677","Supplier C",675,10000674,96.72,2890085987
"1678","Supplier C",676,10000675,47.62,3324387428
"1679","Supplier C",677,10000676,85.64,5780652662
"1680","Supplier C",678,10000677,54.81,7818943796
"1681","Supplier C",679,10000678,29.99,9027811488
"1682","Supplier C",680,10000679,22.3,7435478440
"1683","Supplier C",681,10000680,23.48,4365567375
"1684","Supplier C",682,10000681,23.08,9266420547
"1685","Supplier C",683,10000682,63.77,4306474325
"1686","Supplier C",684,10000683,8.23,4137665366
"1687","Supplier C",685,10000684,63.77,6276527375
"1688","Supplier C",686,10000685,71.93,1005343061
"1689","Supplier C",687,10000686,58.17,5705742108
"1690","Supplier C",688,10000687,62.5,5695027265
"1691","Supplier C",689,10000688,77.01,2607730788
"1692","Supplier C",690,10000689,44.58,7411230581
"1693","Supplier C",691,10000690,58.01,4228208967
"1694","Supplier C",692,10000691,36.27,9313334111
"1695","Supplier C",693,10000692,95.57,8808443095
"1696","Supplier C",694,10000693,19.48,7368120809
"1697","Supplier C",695,10000694,13.28,9795227285
"1698","Supplier C",696,10000695,59.77,6478727619
"1699","Supplier C",697,10000696,54.96,4569410401
"1700","Supplier C",698,10000697,66.61,2783169007
"1701","Supplier C",699,10000698,1.59,2390073644
"1702","Supplier C",700,10000699,82.54,1243374443
"1703","Supplier C",701,10000700,28.4,4089839635
"1704","Supplier C",702,10000701,72.28,7295423842
"1705","Supplier C",703,10000702,81.51,2098349273
"1706","Supplier C",704,10000703,12.38,8474480577
"1707","Supplier C",705,10000704,18.17,5711830119
"1708","Supplier C",706,10000705,43.46,6910516169
"1709","Supplier C",707,10000706,37.8,1570560213
"1710","Supplier C",708,10000707,45.22,9689896073
"1711","Supplier C",709,10000708,42.14,9601458874
"1712","Supplier C",710,10000709,73.63,4606856345
"1713","Supplier C",711,10000710,18.22,7029613766
"1714","Supplier C",712,10000711,10.91,7100455920
"1715","Supplier C",713,10000712,71.29,5554357013
"1716","Supplier C",714,10000713,80.88,5755097078
"1717","Supplier C",715,10000714,39.64,4004728674
"1718","Supplier C",716,10000715,27.62,7627829886
"1719","Supplier C",717,10000716,98.26,1524378217
"1720","Supplier C",718,10000717,56.18,4888597949
"1721","Supplier C",719,10000718,33.79,6093750535
"1722","Supplier C",720,10000719,85.94,6325180208
"1723","Supplier C",721,10000720,51.52,8797791074
"1724","Supplier C",722,10000721,85.04,6414325392
"1725","Supplier C",723,10000722,90.27,8281569844
"1726","Supplier C",724,10000723,85.54,7080980798
"1727","Supplier C",725,10000724,49.18,2178677686
"1728","Supplier C",726,10000725,70.99,8815116608
"1729","Supplier C",727,10000726,7.73,8894628702
"1730","Supplier C",728,10000727,98.45,1025916650
"1731","Supplier C",729,10000728,19.93,9945681471
"1732","Supplier C",730,10000729,36.15,9700075663
"1733","Supplier C",731,10000730,38.25,3224181559
"1734","Supplier C",732,10000731,16.62,8847146155
"1735","Supplier C",733,10000732,19.94,8213384342
"1736","Supplier C",734,10000733,72.52,4802067914
"1737","Supplier C",735,10000734,27.66,3219048724
"1738","Supplier C",736,10000735,79.36,4519064938
"1739","Supplier C",737,10000736,62.63,5126340658
"1740","Supplier C",738,10000737,92.53,1669024930
"1741","Supplier C",739,10000738,2.49,1853719315
"1742","Supplier C",740,10000739,67.17,1678669092
"1743","Supplier C",741,10000740,6.07,8636198762
"1744","Supplier C",742,10000741,64.13,1160246442
"1745","Supplier C",743,10000742,66.78,4879899997
"1746","Supplier C",744,10000743,87.42,7348361066
"1747","Supplier C",745,10000744,57.99,1171559089
"1748","Supplier C",746,10000745,6.27,6860687393
"1749","Supplier C",747,10000746,8.83,4771144324
"1750","Supplier C",748,10000747,29.31,8880286143
"1751","Supplier C",749,10000748,78.31,9712722792
"1752","Supplier C",750,10000749,56.55,4082352242
"1753","Supplier C",751,10000750,18.88,4389686493
"1754","Supplier C",752,10000751,13.35,2844048224
"1755","Supplier C",753,10000752,42.77,6634301626
"1756","Supplier C",754,10000753,76.85,8513097349
"1757","Supplier C",755,10000754,18.68,1176619705
"1758","Supplier C",756,10000755,62.94,4845611747
"1759","Supplier C",757,10000756,81.75,1180911315
"1760","Supplier C",758,10000757,5.03,4231535213
"1761","Supplier C",759,10000758,26.41,7182063874
"1762","Supplier C",760,10000759,60.84,4566633091
"1763","Supplier C",761,10000760,67.64,3532022305
"1764","Supplier C",762,10000761,76.08,2116311137
"1765","Supplier C",763,10000762,60.53,1001862616
"1766","Supplier C",764,10000763,69.6,3986572997
"1767","Supplier C",765,10000764,40.98,3457690567
"1768","Supplier C",766,10000765,46.14,1355645665
"1769","Supplier C",767,10000766,41.15,5937179190
"1770","Supplier C",768,10000767,45.41,4074796020
"1771","Supplier C",769,10000768,34.97,4905380458
"1772","Supplier C",770,10000769,85.6,6164406922
"1773","Supplier C",771,10000770,84.7,6630041022
"1774","Supplier C",772,10000771,72.22,8541191587
"1775","Supplier C",773,10000772,36.28,7738075912
"1776","Supplier C",774,10000773,76.3,2000274400
"1777","Supplier C",775,10000774,5.42,5995532841
"1778","Supplier C",776,10000775,61.67,8903319365
"1779","Supplier C",777,10000776,22.42,9159710127
"1780","Supplier C",778,10000777,90.25,5418496743
"1781","Supplier C",779,10000778,61.05,1626798950
"1782","Supplier C",780,10000779,64.43,7759170149
"1783","Supplier C",781,10000780,96.89,4726809086
"1784","Supplier C",782,10000781,87.77,8849054548
"1785","Supplier C",783,10000782,50.6,4158152837
"1786","Supplier C",784,10000783,14.62,1583227574
"1787","Supplier C",785,10000784,21.74,6096973170
"1788","Supplier C",786,10000785,8.97,8486979483
"1789","Supplier C",787,10000786,76.61,6139698154
"1790","Supplier C",788,10000787,10.12,9994864713
"1791","Supplier C",789,10000788,45.29,1680966169
"1792","Supplier C",790,10000789,72.89,1032353972
"1793","Supplier C",791,10000790,55.3,1494990523
"1794","Supplier C",792,10000791,11.28,4267767080
"1795","Supplier C",793,10000792,26.18,2998262827
"1796","Supplier C",794,10000793,77.67,4139956218
"1797","Supplier C",795,10000794,15.14,8717149509
"1798","Supplier C",796,10000795,69.62,4357582643
"1799","Supplier C",797,10000796,23.13,4316479189
"1800","Supplier C",798,10000797,91.37,2931692523
"1801","Supplier C",799,10000798,87.82,2884828647
"1802","Supplier C",800,10000799,74.99,4034637507
"1803","Supplier C",801,10000800,13.47,3224757988
"1804","Supplier C",802,10000801,2.39,7795975995
"1805","Supplier C",803,10000802,68.5,6102337324
"1806","Supplier C",804,10000803,62.75,7278066105
"1807","Supplier C",805,10000804,62.08,4907355609
"1808","Supplier C",806,10000805,22.92,2953953703
"1809","Supplier C",807,10000806,40.28,4062364656
"1810","Supplier C",808,10000807,14.91,9778800726
"1811","Supplier C",809,10000808,98.2,8444035875
"1812","Supplier C",810,10000809,79.49,5294002823
"1813","Supplier C",811,10000810,24.77,3533714344
"1814","Supplier C",812,10000811,77.69,5516472082
"1815","Supplier C",813,10000812,43.05,7924822612
"1816","Supplier C",814,10000813,76.49,3352794051
"1817","Supplier C",815,10000814,56.97,8669037405
"1818","Supplier C",816,10000815,19.79,5619748560
"1819","Supplier C",817,10000816,87.86,3575196662
"1820","Supplier C",818,10000817,86,2918855209
"1821","Supplier C",819,10000818,12.77,1580220538
"1822","Supplier C",820,10000819,5.92,7043274166
"1823","Supplier C",821,10000820,4.94,3762778907
"1824","Supplier C",822,10000821,89.96,1832332901
"1825","Supplier C",823,10000822,90.5,8801526463
"1826","Supplier C",824,10000823,54.48,7717227605
"1827","Supplier C",825,10000824,44.84,6824687093
"1828","Supplier C",826,10000825,10.74,1573394341
"1829","Supplier C",827,10000826,99.39,4847783453
"1830","Supplier C",828,10000827,30.73,5968464885
"1831","Supplier C",829,10000828,36.16,6290589998
"1832","Supplier C",830,10000829,10.49,2802286805
"1833","Supplier C",831,10000830,23.52,8587854905
"1834","Supplier C",832,10000831,88.1,4779067435
"1835","Supplier C",833,10000832,30.62,5880736482
"1836","Supplier C",834,10000833,89.34,2451268985
"1837","Supplier C",835,10000834,21.33,8488914280
"1838","Supplier C",836,10000835,73.6,6928553729
"1839","Supplier C",837,10000836,35.2,2458577487
"1840","Supplier C",838,10000837,3.2,8105011885
"1841","Supplier C",839,10000838,87.21,6501608562
"1842","Supplier C",840,10000839,41.57,3554486817
"1843","Supplier C",841,10000840,63.98,9777571846
"1844","Supplier C",842,10000841,70.07,6554505489
"1845","Supplier C",843,10000842,68.34,3411021302
"1846","Supplier C",844,10000843,80.03,4560064605
"1847","Supplier C",845,10000844,8.49,2482293589
"1848","Supplier C",846,10000845,69.95,4139052441
"1849","Supplier C",847,10000846,46.87,6579600786
"1850","Supplier C",848,10000847,95.4,2453251523
"1851","Supplier C",849,10000848,92.08,6340972258
"1852","Supplier C",850,10000849,93.03,3511258951
"1853","Supplier C",851,10000850,12.66,7567837953
"1854","Supplier C",852,10000851,84.46,7713340079
"1855","Supplier C",853,10000852,18.08,5408171094
"1856","Supplier C",854,10000853,79.05,7508974509
"1857","Supplier C",855,10000854,7.25,3500299427
"1858","Supplier C",856,10000855,71.1,3962412488
"1859","Supplier C",857,10000856,21.41,1555951601
"1860","Supplier C",858,10000857,39.08,1738072584
"1861","Supplier C",859,10000858,83.5,3902752379
"1862","Supplier C",860,10000859,51.11,4014403284
"1863","Supplier C",861,10000860,46.19,8429903171
"1864","Supplier C",862,10000861,81.22,2341321164
"1865","Supplier C",863,10000862,53.83,3734831423
"1866","Supplier C",864,10000863,24.34,2837673484
"1867","Supplier C",865,10000864,74.87,7421586746
"1868","Supplier C",866,10000865,77.38,7603529694
"1869","Supplier C",867,10000866,6.4,7348080404
"1870","Supplier C",868,10000867,88.45,7474938645
"1871","Supplier C",869,10000868,23.97,7431482040
"1872","Supplier C",870,10000869,30.71,3999848097
"1873","Supplier C",871,10000870,29.01,4711059767
"1874","Supplier C",872,10000871,37.48,3396396803
"1875","Supplier C",873,10000872,64.7,7574826952
"1876","Supplier C",874,10000873,81.13,8180276156
"1877","Supplier C",875,10000874,83.19,2127347753
"1878","Supplier C",876,10000875,2.51,1760389196
"1879","Supplier C",877,10000876,79.32,5746008739
"1880","Supplier C",878,10000877,26.4,4732567113
"1881","Supplier C",879,10000878,4.89,5013628136
"1882","Supplier C",880,10000879,33.68,5297866888
"1883","Supplier C",881,10000880,86.16,9279386860
"1884","Supplier C",882,10000881,19.17,5841464936
"1885","Supplier C",883,10000882,35.43,9486464441
"1886","Supplier C",884,10000883,72.78,7366186467
"1887","Supplier C",885,10000884,92.79,7342059954
"1888","Supplier C",886,10000885,4.38,5561930096
"1889","Supplier C",887,10000886,48,3499495517
"1890","Supplier C",888,10000887,61.65,8231368979
"1891","Supplier C",889,10000888,48.93,2136119268
"1892","Supplier C",890,10000889,97.24,4363842638
"1893","Supplier C",891,10000890,65.11,8780101478
"1894","Supplier C",892,10000891,77.18,4416728948
"1895","Supplier C",893,10000892,61.74,5029305686
"1896","Supplier C",894,10000893,69.81,9088112406
"1897","Supplier C",895,10000894,5.94,4323818130
"1898","Supplier C",896,10000895,43.88,7799211973
"1899","Supplier C",897,10000896,29.78,5865909409
"1900","Supplier C",898,10000897,62.6,4613743935
"1901","Supplier C",899,10000898,79.76,5781313529
"1902","Supplier C",900,10000899,23.56,8265847400
"1903","Supplier C",901,10000900,72.44,6705844503
"1904","Supplier C",902,10000901,83.66,8596406660
"1905","Supplier C",903,10000902,64.33,9829278569
"1906","Supplier C",904,10000903,30.64,3583418426
"1907","Supplier C",905,10000904,5.38,4987359568
"1908","Supplier C",906,10000905,42.32,3755807541
"1909","Supplier C",907,10000906,49.64,9362854086
"1910","Supplier C",908,10000907,11.04,2676420600
"1911","Supplier C",909,10000908,35.72,1458924640
"1912","Supplier C",910,10000909,28.08,6913265471
"1913","Supplier C",911,10000910,82.38,2336113068
"1914","Supplier C",912,10000911,48.83,9585744206
"1915","Supplier C",913,10000912,31.86,8986155153
"1916","Supplier C",914,10000913,24.33,8768175455
"1917","Supplier C",915,10000914,22.96,9781866839
"1918","Supplier C",916,10000915,18.21,6889180614
"1919","Supplier C",917,10000916,95.03,9164347436
"1920","Supplier C",918,10000917,97.12,6925244966
"1921","Supplier C",919,10000918,85.21,8702870765
"1922","Supplier C",920,10000919,55,2797677876
"1923","Supplier C",921,10000920,68.29,9299569446
"1924","Supplier C",922,10000921,76.45,1737969619
"1925","Supplier C",923,10000922,41.38,7002365058
"1926","Supplier C",924,10000923,29.36,7606052023
"1927","Supplier C",925,10000924,96.7,2269315074
"1928","Supplier C",926,10000925,96.96,6607529799
"1929","Supplier C",927,10000926,62.28,2378814185
"1930","Supplier C",928,10000927,89.56,6135648101
"1931","Supplier C",929,10000928,66.9,5732737058
"1932","Supplier C",930,10000929,96.27,2453522563
"1933","Supplier C",931,10000930,78.11,1723208650
"1934","Supplier C",932,10000931,5.09,5108643079
"1935","Supplier C",933,10000932,97.7,1989931743
"1936","Supplier C",934,10000933,40.72,3868658891
"1937","Supplier C",935,10000934,15.88,3675122448
"1938","Supplier C",936,10000935,50.16,5367114958
"1939","Supplier C",937,10000936,8.58,7201818366
"1940","Supplier C",938,10000937,68.68,8039472490
"1941","Supplier C",939,10000938,21.65,1449081477
"1942","Supplier C",940,10000939,4.99,8335383623
"1943","Supplier C",941,10000940,57.98,5338455291
"1944","Supplier C",942,10000941,20.4,6136945346
"1945","Supplier C",943,10000942,88.99,1109790272
"1946","Supplier C",944,10000943,36.96,4089693001
"1947","Supplier C",945,10000944,12.23,9608119840
"1948","Supplier C",946,10000945,25.25,9530923701
"1949","Supplier C",947,10000946,34.8,8509716100
"1950","Supplier C",948,10000947,88.33,7205032441
"1951","Supplier C",949,10000948,93.68,5883698668
"1952","Supplier C",950,10000949,76.24,6827206663
"1953","Supplier C",951,10000950,31.38,8454727459
"1954","Supplier C",952,10000951,4.48,7704424165
"1955","Supplier C",953,10000952,59.12,4154494350
"1956","Supplier C",954,10000953,52.67,4530669683
"1957","Supplier C",955,10000954,91.74,3516583156
"1958","Supplier C",956,10000955,78.69,5219949521
"1959","Supplier C",957,10000956,85.43,4625166463
"1960","Supplier C",958,10000957,20.7,4068481986
"1961","Supplier C",959,10000958,46.41,9623858324
"1962","Supplier C",960,10000959,86.12,5031285211
"1963","Supplier C",961,10000960,70.43,8308252014
"1964","Supplier C",962,10000961,49.22,7619643165
"1965","Supplier C",963,10000962,73.03,3783821620
"1966","Supplier C",964,10000963,26.64,5342145673
"1967","Supplier C",965,10000964,70.49,9323942416
"1968","Supplier C",966,10000965,59.26,8050361427
"1969","Supplier C",967,10000966,2.4,7630264286
"1970","Supplier C",968,10000967,90.56,9558061222
"1971","Supplier C",969,10000968,79.17,7202003462
"1972","Supplier C",970,10000969,26.81,4623956661
"1973","Supplier C",971,10000970,2.43,5369453142
"1974","Supplier C",972,10000971,67.16,2027757822
"1975","Supplier C",973,10000972,63.82,5476632943
"1976","Supplier C",974,10000973,62.94,3537698550
"1977","Supplier C",975,10000974,46.64,9225045135
"1978","Supplier C",976,10000975,82.69,7468510798
"1979","Supplier C",977,10000976,99.55,7784388074
"1980","Supplier C",978,10000977,84.71,7091821844
"1981","Supplier C",979,10000978,97.72,3539565303
"1982","Supplier C",980,10000979,18.25,8560600352
"1983","Supplier C",981,10000980,24.65,8019953489
"1984","Supplier C",982,10000981,73.06,8968795417
"1985","Supplier C",983,10000982,32.4,9935064698
"1986","Supplier C",984,10000983,42.31,2861037610
"1987","Supplier C",985,10000984,99.95,1548729746
"1988","Supplier C",986,10000985,12.87,4375651196
"1989","Supplier C",987,10000986,52.54,6970265863
"1990","Supplier C",988,10000987,15.7,7012393676
"1991","Supplier C",989,10000988,40.1,6017255289
"1992","Supplier C",990,10000989,45.76,5910685401
"1993","Supplier C",991,10000990,91.12,1423735469
"1994","Supplier C",992,10000991,71.94,2924453800
"1995","Supplier C",993,10000992,80.23,3598994094
"1996","Supplier C",994,10000993,12.56,7660369384
"1997","Supplier C",995,10000994,67.63,1659257945
"1998","Supplier C",996,10000995,89.07,7244952899
"1999","Supplier C",997,10000996,49.89,5186310914
"2000","Supplier C",998,10000997,42.92,8846067519
"2001","Supplier C",999,10000998,52.35,8154837756
"2002","Supplier C",1000,10000999,26.43,3628638638
